Workbook

Sheet Perfil_Egreso
A1: ANEXO Nº 9 PERFIL DE EGRESO (PARA CICLOS FORMATIVOS: TÉCNICO Y AUXILIAR TÉCNICO)
A3: DENOMINACIÓN DE LA INSTITUCIÓN | B3: CETPRO JUANJUI | D3: CÓDIGO MODULAR DEL CETPRO | E3: 0533836
A5: SECTOR ECONÓMICO | B5: INFORMACIÓN Y COMUNICACIONES | C5: FAMILIA PRODUCTIVA | D5: TECNOLOGÍAS DE LA INFORMACIÓN Y COMUNICACIONES - TICS
A7: ACTIVIDAD ECONÓMICA | B7: PROGRAMACIÓN INFORMÁTICA, CONSULTORÍA DE INFORMÁTICA Y ACTIVIDADES CONEXAS
A9: DENOMINACIÓN VARIANTE
A11: DENOMINACIÓN DEL PROGRAMA DE ESTUDIOS SEGÚN CNOF (según corresponda) | B11: REDES Y COMUNICACIONES | D11: CÓDIGO * | E11: J2662-2-001
A13: FORMACIÓN** | B13: 0 | C13: MODALIDAD DEL SERVICIO EDUCATIVO | D13: PRESENCIAL
A15: NIVEL FORMATIVO | B15: TÉCNICO
A17: DESCRIPCIÓN DEL PERFIL DE EGRESO | F17: Filtrar
A18: El Técnico en redes y comunicaciones, es capaz de atender requerimientos, incidentes y problemas de primer nivel, brindar asistencia a nivel operativo y funcional en la etapa de puesta en marcha de los sistemas o servicios de TI, ejecutar acciones de monitore, y otras acciones operativas programadas; realizar la puesta en producción de los sistemas de información o servicios de TI, de acuerdo con la planificación efectuada e implementar y configurar las redes y servicios de comunicaciones efectuando las pruebas y certificaciones, de acuerdo con las necesidades del negocio, estándares internacionales de TI y políticas de seguridad de la organización. Asimismo, se comunica con otras personas en forma efectiva; busca y analiza información utilizando de manera adecuada las diversas herramientas de las TI; lidera emprendimientos con nuevas oportunidades de negocios y proyectos sostenibles; establece relaciones de respeto y justicia con los demás; soluciona problemas aplicando herramientas flexibles para atender las diversas necesidades y promueve una cultura ambiental en su entorno. | F18: =A18 -> El Técnico en redes y comunicaciones, es capaz de atender requerimientos, incidentes y problemas de primer nivel, brindar asistencia a nivel operativo y funcional en la etapa de puesta en marcha de los sistemas o servicios de TI, ejecutar acciones de monitore, y otras acciones operativas programadas; realizar la puesta en producción de los sistemas de información o servicios de TI, de acuerdo con la planificación efectuada e implementar y configurar las redes y servicios de comunicaciones efectuando las pruebas y certificaciones, de acuerdo con las necesidades del negocio, estándares internacionales de TI y políticas de seguridad de la organización. Asimismo, se comunica con otras personas en forma efectiva; busca y analiza información utilizando de manera adecuada las diversas herramientas de las TI; lidera emprendimientos con nuevas oportunidades de negocios y proyectos sostenibles; establece relaciones de respeto y justicia con los demás; soluciona problemas aplicando herramientas flexibles para atender las diversas necesidades y promueve una cultura ambiental en su entorno.
A19: COMPETENCIAS ESPECÍFICAS (UNIDAD DE COMPETENCIA) | F19: =A19 -> COMPETENCIAS ESPECÍFICAS (UNIDAD DE COMPETENCIA)
A20: UC1:Atender requerimientos, incidentes y problemas de primer nivel, asimismo brindar asistencia a nivel operativo y funcional en la etapa de puesta en marcha de los sistemas o servicios de TI, según los procedimientos internos de atención, diseño del sistema o servicios, plan de implantación y buenas prácticas de TI. | F20: =A20 -> UC1:Atender requerimientos, incidentes y problemas de primer nivel, asimismo brindar asistencia a nivel operativo y funcional en la etapa de puesta en marcha de los sistemas o servicios de TI, según los procedimientos internos de atención, diseño del sistema o servicios, plan de implantación y buenas prácticas de TI.
A21: UC2: Ejecutar acciones de monitoreo y otras acciones operativas programadas, de acuerdo con las buenas prácticas de aseguramiento de operación del CPD y salvaguarda de la información del negocio. | F21: =A21 -> UC2: Ejecutar acciones de monitoreo y otras acciones operativas programadas, de acuerdo con las buenas prácticas de aseguramiento de operación del CPD y salvaguarda de la información del negocio.
A22: UC3: Realizar la puesta en producción de los sistemas de información o servicios de TI, de acuerdo con la planificación efectuada. | F22: =A22 -> UC3: Realizar la puesta en producción de los sistemas de información o servicios de TI, de acuerdo con la planificación efectuada.
A23: UC4: Implementar y configurar las redes y servicios de comunicaciones efectuando las pruebas y certificaciones, de acuerdo con las necesidades del negocio, estándares internacionales de TI y políticas de seguridad de la organización. | F23: =A23 -> UC4: Implementar y configurar las redes y servicios de comunicaciones efectuando las pruebas y certificaciones, de acuerdo con las necesidades del negocio, estándares internacionales de TI y políticas de seguridad de la organización.
F24: =A24 -> 0
F25: =A25 -> 0
F26: =A26 -> 0
F27: =A27 -> 0
A28: COMPETENCIAS PARA LA EMPLEABILIDAD | F28: =A28 -> COMPETENCIAS PARA LA EMPLEABILIDAD
A29: CE1 Comunicación efectiva.- Expresar de manera clara los conceptos, ideas, sentimientos, hechos y opiniones en forma oral y escrita para comunicarse e interactuar con otras personas en contextos sociales y laborales diversos. (UD) | F29: =A29 -> CE1 Comunicación efectiva.- Expresar de manera clara los conceptos, ideas, sentimientos, hechos y opiniones en forma oral y escrita para comunicarse e interactuar con otras personas en contextos sociales y laborales diversos. (UD)
A30: CE2 Tecnologías de la información.- Manejar herramientas informáticas de las TIC para buscar y analizar información, comunicarse y realizar procedimientos o tareas vinculadas al área profesional, de acuerdo a los requerimientos de su entorno laboral.(UD) | F30: =A30 -> CE2 Tecnologías de la información.- Manejar herramientas informáticas de las TIC para buscar y analizar información, comunicarse y realizar procedimientos o tareas vinculadas al área profesional, de acuerdo a los requerimientos de su entorno laboral.(UD)
A31: CE3 Emprendimiento.- Identificar nuevas oportunidades de proyectos o negocios que generen valor y sean sostenibles, gestionando recursos para su funcionamiento con creatividad y ética, articulando acciones que permitan desarrollar innovaciones en la creación de bienes y/o servicios, así como en procesos o productos ya existentes. (UD) | F31: =A31 -> CE3 Emprendimiento.- Identificar nuevas oportunidades de proyectos o negocios que generen valor y sean sostenibles, gestionando recursos para su funcionamiento con creatividad y ética, articulando acciones que permitan desarrollar innovaciones en la creación de bienes y/o servicios, así como en procesos o productos ya existentes. (UD)
A32: CE4 Ética.- Establecer relaciones con respeto y justicia en los ámbitos personal, colectivo e institucional, contribuyendo a una convivencia democrática, orientada al bien común que considere la diversidad y dignidad de las personas, teniendo en cuenta las consideraciones aplicadas en su contexto laboral.(UD) | F32: =A32 -> CE4 Ética.- Establecer relaciones con respeto y justicia en los ámbitos personal, colectivo e institucional, contribuyendo a una convivencia democrática, orientada al bien común que considere la diversidad y dignidad de las personas, teniendo en cuenta las consideraciones aplicadas en su contexto laboral.(UD)
A33: CE5 Solución de problemas.- Identificar situaciones complejas para evaluar posibles soluciones, aplicando un conjunto de herramientas flexibles que conlleven a la atención de una necesidad.(UD) | F33: =A33 -> CE5 Solución de problemas.- Identificar situaciones complejas para evaluar posibles soluciones, aplicando un conjunto de herramientas flexibles que conlleven a la atención de una necesidad.(UD)
A34: CE6 Liderazgo personal y profesional. - Demostrar comportamiento de liderazgo que permita coordinar y organizar eficazmente las ideas, decisiones y actividades en el desempeño laboral y social. (T) | F34: =A34 -> CE6 Liderazgo personal y profesional. - Demostrar comportamiento de liderazgo que permita coordinar y organizar eficazmente las ideas, decisiones y actividades en el desempeño laboral y social. (T)
A35: CE7 Cultura ambiental. - Convivir de manera ética, autónoma, responsable y sostenible, previniendo, reduciendo y controlando permanente y progresivamente los impactos ambientales. (T) | F35: =A35 -> CE7 Cultura ambiental. - Convivir de manera ética, autónoma, responsable y sostenible, previniendo, reduciendo y controlando permanente y progresivamente los impactos ambientales. (T)
F36: =A36 -> 0
F37: =A37 -> 0
F38: =A38 -> 0
F39: =A39 -> 0
F40: =A40 -> 0
A41: ÁMBITOS DE DESEMPEÑO | F41: =A41 -> ÁMBITOS DE DESEMPEÑO
A42: El egresado de este programa podrá desempeñarse en las siguientes áreas: • Informática, tecnologías de la información y sistemas de cualquier organización. • Desarrollo de infraestructura tecnológica de redes, servidores y comunicaciones. • Cableado, estructurado en fibra y cobre. • Mantenimiento de redes de comunicaciones y redes fijas ADSL. • Instalación y Manteminiento de Redes Wi Fi. • Soporte tecnico de computadoras • Administración de servicios de TI • Implementación y monitoreo de sistemas de redes ó en consultoras especializadas en desarrollo de infraestructura tecnológica de redes, servidores y comunicaciones. | F42: =A42 -> El egresado de este programa podrá desempeñarse en las siguientes áreas: • Informática, tecnologías de la información y sistemas de cualquier organización. • Desarrollo de infraestructura tecnológica de redes, servidores y comunicaciones. • Cableado, estructurado en fibra y cobre. • Mantenimiento de redes de comunicaciones y redes fijas ADSL. • Instalación y Manteminiento de Redes Wi Fi. • Soporte tecnico de computadoras • Administración de servicios de TI • Implementación y monitoreo de sistemas de redes ó en consultoras especializadas en desarrollo de infraestructura tecnológica de redes, servidores y comunicaciones.
A43: Pautas Generales: 1. Descripción del perfil de egreso: Descripción general y breve de los desempeños que será capaz de realizar el egresado en el campo laboral, al concluir el programa de estudio en correspondencia con las competencias técnicas y de empleabilidad. 2. Competencias específicas: Transcripción de las unidades de competencia del programa de estudio, establecido en el CNOF. En caso de que el programa no se encuentre en el CNOF se tomarán las Unidades de Competencias definidas mediante el análisis de la actividad económica correspondiente. 3. Las competencias para la empleabilidad: son priorizadas por la institución educativa, en concordancia con los Lineamientos Académicos Generales establecidos por el MINEDU y su modelo educativo. Se debe distinguir los que se abordarán como unidad didáctica (UD), de manera transversal (T) o ambas (UD/T) 4. Ámbitos de desempeño: Listar los campos o áreas laborales en los cuales el egresado del programa de estudio se podrá insertar. *Se considera el código del programa de estudios del CNOF, de ser el caso. ** Indicar sólo en el caso de que sea Dual o En Alternancia, caso contrario dejar la celda en blanco. | F43: =A43 -> Pautas Generales: 1. Descripción del perfil de egreso: Descripción general y breve de los desempeños que será capaz de realizar el egresado en el campo laboral, al concluir el programa de estudio en correspondencia con las competencias técnicas y de empleabilidad. 2. Competencias específicas: Transcripción de las unidades de competencia del programa de estudio, establecido en el CNOF. En caso de que el programa no se encuentre en el CNOF se tomarán las Unidades de Competencias definidas mediante el análisis de la actividad económica correspondiente. 3. Las competencias para la empleabilidad: son priorizadas por la institución educativa, en concordancia con los Lineamientos Académicos Generales establecidos por el MINEDU y su modelo educativo. Se debe distinguir los que se abordarán como unidad didáctica (UD), de manera transversal (T) o ambas (UD/T) 4. Ámbitos de desempeño: Listar los campos o áreas laborales en los cuales el egresado del programa de estudio se podrá insertar. *Se considera el código del programa de estudios del CNOF, de ser el caso. ** Indicar sólo en el caso de que sea Dual o En Alternancia, caso contrario dejar la celda en blanco.

Sheet Programa_Estudio
A1: ANEXO Nº 8 PROGRAMA DE ESTUDIO (PARA CICLOS FORMATIVOS: TÉCNICO Y AUXILIAR TÉCNICO)
A3: =Perfil_Egreso!A3 -> DENOMINACIÓN DE LA INSTITUCIÓN | B3: =Perfil_Egreso!B3 -> CETPRO JUANJUI | D3: =Perfil_Egreso!D3 -> CÓDIGO MODULAR DEL CETPRO | E3: =Perfil_Egreso!E3 -> 0533836
A5: SECTOR ECONÓMICO | B5: =Perfil_Egreso!B5 -> INFORMACIÓN Y COMUNICACIONES | C5: FAMILIA PRODUCTIVA | D5: =Perfil_Egreso!D5 -> TECNOLOGÍAS DE LA INFORMACIÓN Y COMUNICACIONES - TICS | E5: ACTIVIDAD ECONÓMICA | F5: =Perfil_Egreso!B7 -> PROGRAMACIÓN INFORMÁTICA, CONSULTORÍA DE INFORMÁTICA Y ACTIVIDADES CONEXAS
A7: DENOMINACIÓN | B7: =Perfil_Egreso!B9 -> 0 | C7: DENOMINACIÓN DEL PROGRAMA DE ESTUDIOS SEGÚN CNOF (según corresponda) | D7: =Perfil_Egreso!B11 -> REDES Y COMUNICACIONES | E7: CÓDIGO DE SER EL CASO * | F7: =Perfil_Egreso!E11 -> J2662-2-001
A9: NIVEL FORMATIVO | B9: =Perfil_Egreso!B15 -> TÉCNICO | C9: N°. HORAS: | D9: =Itinerario!W17 -> 2112 | E9: N° CRÉDITOS: | F9: =Itinerario!T17 -> 80
A11: FORMACIÓN** | B11: =Perfil_Egreso!B13 -> 0 | D11: MODALIDAD DEL SERVICIO EDUCATIVO | E11: =Perfil_Egreso!D13 -> PRESENCIAL
A13: COMPETENCIAS ESPECÍFICAS (UNIDAD DE COMPETENCIA)
A14: UNIDAD DE COMPETENCIA | C14: INDICADORES DE LOGRO DE LA COMPETENCIA | G14: Filtro
A15: =CONCATENATE("Unidad de Competencia N° 01 (UC1): ",Perfil_Egreso!A20) -> Unidad de Competencia N° 01 (UC1): UC1:Atender requerimientos, incidentes y problemas de primer nivel, asimismo brindar asistencia a nivel operativo y funcional en la etapa de puesta en marcha de los sistemas o servicios de TI, según los procedimientos internos de atención, diseño del sistema o servicios, plan de implantación y buenas prácticas de TI. | C15: 1. Interactúa con el usuario escuchando e interpretando los reportes de incidentes ante un mal funcionamiento del sistema en producción o puesta en marcha, aislando la causa de los efectos, reportando de ser necesario a un siguiente nivel de atención, según las funciones y alcance de los sistemas comprometidos, buenas prácticas de gestión de incidentes, acuerdos de nivel de servicio (SLA), continuidad de negocio y políticas de la organización. | G15: =C15 -> 1. Interactúa con el usuario escuchando e interpretando los reportes de incidentes ante un mal funcionamiento del sistema en producción o puesta en marcha, aislando la causa de los efectos, reportando de ser necesario a un siguiente nivel de atención, según las funciones y alcance de los sistemas comprometidos, buenas prácticas de gestión de incidentes, acuerdos de nivel de servicio (SLA), continuidad de negocio y políticas de la organización. | H15: 1 | I15: =CONCATENATE(H15,". ",C15) -> 1. 1. Interactúa con el usuario escuchando e interpretando los reportes de incidentes ante un mal funcionamiento del sistema en producción o puesta en marcha, aislando la causa de los efectos, reportando de ser necesario a un siguiente nivel de atención, según las funciones y alcance de los sistemas comprometidos, buenas prácticas de gestión de incidentes, acuerdos de nivel de servicio (SLA), continuidad de negocio y políticas de la organización.
C16: 2. Atiende requerimientos, accesos y otras solicitudes, reportando de ser necesario a un siguiente nivel de atención, de acuerdo con la documentación de sistemas y servicios, recomendación del fabricante, buenas prácticas de gestión de incidentes, acuerdos de nivel de servicio (SLA), continuidad de negocio y políticas de la organización. | G16: =C16 -> 2. Atiende requerimientos, accesos y otras solicitudes, reportando de ser necesario a un siguiente nivel de atención, de acuerdo con la documentación de sistemas y servicios, recomendación del fabricante, buenas prácticas de gestión de incidentes, acuerdos de nivel de servicio (SLA), continuidad de negocio y políticas de la organización. | H16: 2 | I16: =CONCATENATE(H16,". ",C16) -> 2. 2. Atiende requerimientos, accesos y otras solicitudes, reportando de ser necesario a un siguiente nivel de atención, de acuerdo con la documentación de sistemas y servicios, recomendación del fabricante, buenas prácticas de gestión de incidentes, acuerdos de nivel de servicio (SLA), continuidad de negocio y políticas de la organización.
C17: 3. Capacita al grupo de usuarios en el uso de los sistemas mediante técnicas didácticas y transferencia de conocimiento, interpretando los manuales de usuario y realizando talleres prácticos, de acuerdo con el perfil de usuario y accesos del operador, según su participación en el sistema. | G17: =C17 -> 3. Capacita al grupo de usuarios en el uso de los sistemas mediante técnicas didácticas y transferencia de conocimiento, interpretando los manuales de usuario y realizando talleres prácticos, de acuerdo con el perfil de usuario y accesos del operador, según su participación en el sistema. | H17: 3 | I17: =CONCATENATE(H17,". ",C17) -> 3. 3. Capacita al grupo de usuarios en el uso de los sistemas mediante técnicas didácticas y transferencia de conocimiento, interpretando los manuales de usuario y realizando talleres prácticos, de acuerdo con el perfil de usuario y accesos del operador, según su participación en el sistema.
C18: 4. Asiste a los usuarios en el uso del sistema, de acuerdo con el diseño funcional del sistema y buenas prácticas de entrega de servicio. | G18: =C18 -> 4. Asiste a los usuarios en el uso del sistema, de acuerdo con el diseño funcional del sistema y buenas prácticas de entrega de servicio. | H18: 4 | I18: =CONCATENATE(H18,". ",C18) -> 4. 4. Asiste a los usuarios en el uso del sistema, de acuerdo con el diseño funcional del sistema y buenas prácticas de entrega de servicio.
C19: 5. Interactúa con el operador de gestión de incidentes y usuarios escuchando e interpretando los reportes y aislando la causa de los efectos del problema de primer nivel, de acuerdo con las funciones y alcance de los sistemas comprometidos, buenas prácticas de gestión de problemas, acuerdos de nivel de servicio (SLA), continuidad de negocio y políticas de la organización. | G19: =C19 -> 5. Interactúa con el operador de gestión de incidentes y usuarios escuchando e interpretando los reportes y aislando la causa de los efectos del problema de primer nivel, de acuerdo con las funciones y alcance de los sistemas comprometidos, buenas prácticas de gestión de problemas, acuerdos de nivel de servicio (SLA), continuidad de negocio y políticas de la organización. | H19: 5 | I19: =CONCATENATE(H19,". ",C19) -> 5. 5. Interactúa con el operador de gestión de incidentes y usuarios escuchando e interpretando los reportes y aislando la causa de los efectos del problema de primer nivel, de acuerdo con las funciones y alcance de los sistemas comprometidos, buenas prácticas de gestión de problemas, acuerdos de nivel de servicio (SLA), continuidad de negocio y políticas de la organización.
C20: 6. Ejecuta acciones de resolución de problemas de primer nivel, eliminando la causa del incidente o reportando de ser necesario a un siguiente nivel de atención, de acuerdo con la documentación del sistema, servicios, recomendación del fabricante, buenas prácticas de gestión de problemas, acuerdos de nivel de servicio (SLA), continuidad de negocio y políticas de la organización. | G20: =C20 -> 6. Ejecuta acciones de resolución de problemas de primer nivel, eliminando la causa del incidente o reportando de ser necesario a un siguiente nivel de atención, de acuerdo con la documentación del sistema, servicios, recomendación del fabricante, buenas prácticas de gestión de problemas, acuerdos de nivel de servicio (SLA), continuidad de negocio y políticas de la organización. | H20: 6 | I20: =CONCATENATE(H20,". ",C20) -> 6. 6. Ejecuta acciones de resolución de problemas de primer nivel, eliminando la causa del incidente o reportando de ser necesario a un siguiente nivel de atención, de acuerdo con la documentación del sistema, servicios, recomendación del fabricante, buenas prácticas de gestión de problemas, acuerdos de nivel de servicio (SLA), continuidad de negocio y políticas de la organización.
C21: 7. Documenta las acciones de gestión de incidentes, problemas y lecciones aprendidas para el seguimiento de atenciones o gestión del conocimiento según corresponda, generando reporte de cumplimiento de acuerdos de nivel de servicio (SLA) y calidad del servicio, de acuerdo con las buenas prácticas de gestión de incidentes, problemas, gestión de la configuración, gestión del conocimiento y políticas de la organización. | G21: =C21 -> 7. Documenta las acciones de gestión de incidentes, problemas y lecciones aprendidas para el seguimiento de atenciones o gestión del conocimiento según corresponda, generando reporte de cumplimiento de acuerdos de nivel de servicio (SLA) y calidad del servicio, de acuerdo con las buenas prácticas de gestión de incidentes, problemas, gestión de la configuración, gestión del conocimiento y políticas de la organización. | H21: 7 | I21: =CONCATENATE(H21,". ",C21) -> 7. 7. Documenta las acciones de gestión de incidentes, problemas y lecciones aprendidas para el seguimiento de atenciones o gestión del conocimiento según corresponda, generando reporte de cumplimiento de acuerdos de nivel de servicio (SLA) y calidad del servicio, de acuerdo con las buenas prácticas de gestión de incidentes, problemas, gestión de la configuración, gestión del conocimiento y políticas de la organización.
G22: =C22 -> 0 | H22: 8 | I22: =CONCATENATE(H22,". ",C22) -> 8.
G23: =C23 -> 0 | H23: 9 | I23: =CONCATENATE(H23,". ",C23) -> 9.
G24: =C24 -> 0 | H24: 10 | I24: =CONCATENATE(H24,". ",C24) -> 10.
G25: =C25 -> 0 | H25: 11 | I25: =CONCATENATE(H25,". ",C25) -> 11.
G26: =C26 -> 0 | H26: 12 | I26: =CONCATENATE(H26,". ",C26) -> 12.
G27: =C27 -> 0 | H27: 13 | I27: =CONCATENATE(H27,". ",C27) -> 13.
G28: =C28 -> 0 | H28: 14 | I28: =CONCATENATE(H28,". ",C28) -> 14.
G29: =C29 -> 0 | H29: 15 | I29: =CONCATENATE(H29,". ",C29) -> 15.
A30: =CONCATENATE("Unidad de Competencia N° 02 (UC2): ",Perfil_Egreso!A21) -> Unidad de Competencia N° 02 (UC2): UC2: Ejecutar acciones de monitoreo y otras acciones operativas programadas, de acuerdo con las buenas prácticas de aseguramiento de operación del CPD y salvaguarda de la información del negocio. | C30: 1. Realiza las lecturas de rendimiento y eventos de la infraestructura, plataformas y servicios de TI y la organiza, consolida, indaga e interpreta los resultados para ser reportados de manera periódica o de grado urgencia al administrador del CPD, de acuerdo con los umbrales de operación y de riesgos, arquitectura de infraestructura de TI, continuidad de negocio, políticas de seguridad y políticas de la organización. | G30: =C30 -> 1. Realiza las lecturas de rendimiento y eventos de la infraestructura, plataformas y servicios de TI y la organiza, consolida, indaga e interpreta los resultados para ser reportados de manera periódica o de grado urgencia al administrador del CPD, de acuerdo con los umbrales de operación y de riesgos, arquitectura de infraestructura de TI, continuidad de negocio, políticas de seguridad y políticas de la organización. | H30: 1 | I30: =CONCATENATE(H30,". ",C30) -> 1. 1. Realiza las lecturas de rendimiento y eventos de la infraestructura, plataformas y servicios de TI y la organiza, consolida, indaga e interpreta los resultados para ser reportados de manera periódica o de grado urgencia al administrador del CPD, de acuerdo con los umbrales de operación y de riesgos, arquitectura de infraestructura de TI, continuidad de negocio, políticas de seguridad y políticas de la organización.
C31: 2. Elabora reportes de cumplimiento de niveles de operación, según los acuerdos de nivel de operación, unidades de contratos con proveedores, continuidad del negocio y políticas de la organización. | G31: =C31 -> 2. Elabora reportes de cumplimiento de niveles de operación, según los acuerdos de nivel de operación, unidades de contratos con proveedores, continuidad del negocio y políticas de la organización. | H31: 2 | I31: =CONCATENATE(H31,". ",C31) -> 2. 2. Elabora reportes de cumplimiento de niveles de operación, según los acuerdos de nivel de operación, unidades de contratos con proveedores, continuidad del negocio y políticas de la organización.
C32: 3. Ejecuta acciones de operación, mantenimiento preventivo y correctivo de rutina, de acuerdo al cumplimiento del buen estado de la infraestructura, plataformas y servicios de TI y salvaguarda de la información, plan de actividades programadas, recomendaciones del fabricante, gestión de riesgos, continuidad de negocio y políticas de seguridad. | G32: =C32 -> 3. Ejecuta acciones de operación, mantenimiento preventivo y correctivo de rutina, de acuerdo al cumplimiento del buen estado de la infraestructura, plataformas y servicios de TI y salvaguarda de la información, plan de actividades programadas, recomendaciones del fabricante, gestión de riesgos, continuidad de negocio y políticas de seguridad. | H32: 3 | I32: =CONCATENATE(H32,". ",C32) -> 3. 3. Ejecuta acciones de operación, mantenimiento preventivo y correctivo de rutina, de acuerdo al cumplimiento del buen estado de la infraestructura, plataformas y servicios de TI y salvaguarda de la información, plan de actividades programadas, recomendaciones del fabricante, gestión de riesgos, continuidad de negocio y políticas de seguridad.
C33: 4. Reporta las acciones ejecutadas y los eventos inesperados de manera programada o de grado urgencia, de acuerdo con el plan de actividades programadas, gestión de riesgos, continuidad de negocio y políticas de seguridad. | G33: =C33 -> 4. Reporta las acciones ejecutadas y los eventos inesperados de manera programada o de grado urgencia, de acuerdo con el plan de actividades programadas, gestión de riesgos, continuidad de negocio y políticas de seguridad. | H33: 4 | I33: =CONCATENATE(H33,". ",C33) -> 4. 4. Reporta las acciones ejecutadas y los eventos inesperados de manera programada o de grado urgencia, de acuerdo con el plan de actividades programadas, gestión de riesgos, continuidad de negocio y políticas de seguridad.
G34: =C34 -> 0 | H34: 5 | I34: =CONCATENATE(H34,". ",C34) -> 5.
G35: =C35 -> 0 | H35: 6 | I35: =CONCATENATE(H35,". ",C35) -> 6.
G36: =C36 -> 0 | H36: 7 | I36: =CONCATENATE(H36,". ",C36) -> 7.
G37: =C37 -> 0 | H37: 8 | I37: =CONCATENATE(H37,". ",C37) -> 8.
G38: =C38 -> 0 | H38: 9 | I38: =CONCATENATE(H38,". ",C38) -> 9.
G39: =C39 -> 0 | H39: 10 | I39: =CONCATENATE(H39,". ",C39) -> 10.
G40: =C40 -> 0 | H40: 11 | I40: =CONCATENATE(H40,". ",C40) -> 11.
G41: =C41 -> 0 | H41: 12 | I41: =CONCATENATE(H41,". ",C41) -> 12.
G42: =C42 -> 0 | H42: 13 | I42: =CONCATENATE(H42,". ",C42) -> 13.
G43: =C43 -> 0 | H43: 14 | I43: =CONCATENATE(H43,". ",C43) -> 14.
G44: =C44 -> 0 | H44: 15 | I44: =CONCATENATE(H44,". ",C44) -> 15.
A45: =CONCATENATE("Unidad de Competencia N° 03 (UC3): ",Perfil_Egreso!A22) -> Unidad de Competencia N° 03 (UC3): UC3: Realizar la puesta en producción de los sistemas de información o servicios de TI, de acuerdo con la planificación efectuada. | C45: 1. Instala y/o despliega los componentes del sistema en el ambiente de producción de acuerdo con la arquitectura del sistema o servicio de TI, recomendaciones del fabricante y plan de implementación. | G45: =C45 -> 1. Instala y/o despliega los componentes del sistema en el ambiente de producción de acuerdo con la arquitectura del sistema o servicio de TI, recomendaciones del fabricante y plan de implementación. | H45: 1 | I45: =CONCATENATE(H45,". ",C45) -> 1. 1. Instala y/o despliega los componentes del sistema en el ambiente de producción de acuerdo con la arquitectura del sistema o servicio de TI, recomendaciones del fabricante y plan de implementación.
C46: 2. Desarrolla el plan de pruebas unitarias de cada arreglo y componente informático por separado y de manera conjunta, según el alcance de la función que se le ha asignado en el proceso de implantación. | G46: =C46 -> 2. Desarrolla el plan de pruebas unitarias de cada arreglo y componente informático por separado y de manera conjunta, según el alcance de la función que se le ha asignado en el proceso de implantación. | H46: 2 | I46: =CONCATENATE(H46,". ",C46) -> 2. 2. Desarrolla el plan de pruebas unitarias de cada arreglo y componente informático por separado y de manera conjunta, según el alcance de la función que se le ha asignado en el proceso de implantación.
C47: 3. Realiza la implementación de las acciones correctivas ante un mal funcionamiento del sistema, escalando al arquitecto y/o fabricante en caso se supere la complejidad del segundo nivel de atención, de acuerdo con el diseño funcional del sistema o servicio de TI, buenas prácticas de entrega de servicio y gestión de problemas. | G47: =C47 -> 3. Realiza la implementación de las acciones correctivas ante un mal funcionamiento del sistema, escalando al arquitecto y/o fabricante en caso se supere la complejidad del segundo nivel de atención, de acuerdo con el diseño funcional del sistema o servicio de TI, buenas prácticas de entrega de servicio y gestión de problemas. | H47: 3 | I47: =CONCATENATE(H47,". ",C47) -> 3. 3. Realiza la implementación de las acciones correctivas ante un mal funcionamiento del sistema, escalando al arquitecto y/o fabricante en caso se supere la complejidad del segundo nivel de atención, de acuerdo con el diseño funcional del sistema o servicio de TI, buenas prácticas de entrega de servicio y gestión de problemas.
G48: =C48 -> 0 | H48: 4 | I48: =CONCATENATE(H48,". ",C48) -> 4.
G49: =C49 -> 0 | H49: 5 | I49: =CONCATENATE(H49,". ",C49) -> 5.
G50: =C50 -> 0 | H50: 6 | I50: =CONCATENATE(H50,". ",C50) -> 6.
G51: =C51 -> 0 | H51: 7 | I51: =CONCATENATE(H51,". ",C51) -> 7.
G52: =C52 -> 0 | H52: 8 | I52: =CONCATENATE(H52,". ",C52) -> 8.
G53: =C53 -> 0 | H53: 9 | I53: =CONCATENATE(H53,". ",C53) -> 9.
G54: =C54 -> 0 | H54: 10 | I54: =CONCATENATE(H54,". ",C54) -> 10.
G55: =C55 -> 0 | H55: 11 | I55: =CONCATENATE(H55,". ",C55) -> 11.
G56: =C56 -> 0 | H56: 12 | I56: =CONCATENATE(H56,". ",C56) -> 12.
G57: =C57 -> 0 | H57: 13 | I57: =CONCATENATE(H57,". ",C57) -> 13.
G58: =C58 -> 0 | H58: 14 | I58: =CONCATENATE(H58,". ",C58) -> 14.
G59: =C59 -> 0 | H59: 15 | I59: =CONCATENATE(H59,". ",C59) -> 15.
A60: =CONCATENATE("Unidad de Competencia N° 04 (UC4): ",Perfil_Egreso!A23) -> Unidad de Competencia N° 04 (UC4): UC4: Implementar y configurar las redes y servicios de comunicaciones efectuando las pruebas y certificaciones, de acuerdo con las necesidades del negocio, estándares internacionales de TI y políticas de seguridad de la organización. | C60: 1. Planifica las acciones de mejoras y evalúa los detalles técnicos de la infraestructura de redes comprometidos, de acuerdo con el plan de mejoras. | G60: =C60 -> 1. Planifica las acciones de mejoras y evalúa los detalles técnicos de la infraestructura de redes comprometidos, de acuerdo con el plan de mejoras. | H60: 1 | I60: =CONCATENATE(H60,". ",C60) -> 1. 1. Planifica las acciones de mejoras y evalúa los detalles técnicos de la infraestructura de redes comprometidos, de acuerdo con el plan de mejoras.
C61: 2. Configura la infraestructura de redes y telecomunicaciones de la organización de acuerdo con la arquitectura de infraestructura, arquitectura de sistemas, requerimientos del negocio, estándares internacionales de TI y políticas de seguridad de la organización. | G61: =C61 -> 2. Configura la infraestructura de redes y telecomunicaciones de la organización de acuerdo con la arquitectura de infraestructura, arquitectura de sistemas, requerimientos del negocio, estándares internacionales de TI y políticas de seguridad de la organización. | H61: 2 | I61: =CONCATENATE(H61,". ",C61) -> 2. 2. Configura la infraestructura de redes y telecomunicaciones de la organización de acuerdo con la arquitectura de infraestructura, arquitectura de sistemas, requerimientos del negocio, estándares internacionales de TI y políticas de seguridad de la organización.
C62: 3. Supervisa la implementación del protocolo de pruebas o comprobación de las funcionalidades de la infraestructura de redes, de acuerdo al plan de mejoras. | G62: =C62 -> 3. Supervisa la implementación del protocolo de pruebas o comprobación de las funcionalidades de la infraestructura de redes, de acuerdo al plan de mejoras. | H62: 3 | I62: =CONCATENATE(H62,". ",C62) -> 3. 3. Supervisa la implementación del protocolo de pruebas o comprobación de las funcionalidades de la infraestructura de redes, de acuerdo al plan de mejoras.
C63: 4. Realiza el mantenimiento de las redes y comunicaciones de la organización y actualiza la base de datos de los componentes de configuración, según las buenas prácticas de gestión de la configuración, arquitectura de infraestructura, arquitectura de sistemas, requerimientos del negocio, estándares internacionales de TI y políticas de seguridad de la organización. | G63: =C63 -> 4. Realiza el mantenimiento de las redes y comunicaciones de la organización y actualiza la base de datos de los componentes de configuración, según las buenas prácticas de gestión de la configuración, arquitectura de infraestructura, arquitectura de sistemas, requerimientos del negocio, estándares internacionales de TI y políticas de seguridad de la organización. | H63: 4 | I63: =CONCATENATE(H63,". ",C63) -> 4. 4. Realiza el mantenimiento de las redes y comunicaciones de la organización y actualiza la base de datos de los componentes de configuración, según las buenas prácticas de gestión de la configuración, arquitectura de infraestructura, arquitectura de sistemas, requerimientos del negocio, estándares internacionales de TI y políticas de seguridad de la organización.
C64: 5. Realiza acciones correctivas que garanticen el rendimiento y capacidad esperado de las redes y comunicaciones, de acuerdo con buenas prácticas de gestión de redes, recomendaciones del fabricantes, proveedores de servicios, capacity planning y gestión de riesgos. | G64: =C64 -> 5. Realiza acciones correctivas que garanticen el rendimiento y capacidad esperado de las redes y comunicaciones, de acuerdo con buenas prácticas de gestión de redes, recomendaciones del fabricantes, proveedores de servicios, capacity planning y gestión de riesgos. | H64: 5 | I64: =CONCATENATE(H64,". ",C64) -> 5. 5. Realiza acciones correctivas que garanticen el rendimiento y capacidad esperado de las redes y comunicaciones, de acuerdo con buenas prácticas de gestión de redes, recomendaciones del fabricantes, proveedores de servicios, capacity planning y gestión de riesgos.
C65: 6. Documenta el historial de mantenimiento y los cambios relevantes de la infraestructura y/o sistemas de TI, de acuerdo con buenas prácticas de gestión de la configuración y políticas de la organización. | G65: =C65 -> 6. Documenta el historial de mantenimiento y los cambios relevantes de la infraestructura y/o sistemas de TI, de acuerdo con buenas prácticas de gestión de la configuración y políticas de la organización. | H65: 6 | I65: =CONCATENATE(H65,". ",C65) -> 6. 6. Documenta el historial de mantenimiento y los cambios relevantes de la infraestructura y/o sistemas de TI, de acuerdo con buenas prácticas de gestión de la configuración y políticas de la organización.
C66: 7. Reporta las acciones ejecutadas y las observaciones detectadas en el proceso, de acuerdo con el plan de actividades programadas, gestión de riesgos, continuidad de negocio y políticas de seguridad de la organización. | G66: =C66 -> 7. Reporta las acciones ejecutadas y las observaciones detectadas en el proceso, de acuerdo con el plan de actividades programadas, gestión de riesgos, continuidad de negocio y políticas de seguridad de la organización. | H66: 7 | I66: =CONCATENATE(H66,". ",C66) -> 7. 7. Reporta las acciones ejecutadas y las observaciones detectadas en el proceso, de acuerdo con el plan de actividades programadas, gestión de riesgos, continuidad de negocio y políticas de seguridad de la organización.
G67: =C67 -> 0 | H67: 8 | I67: =CONCATENATE(H67,". ",C67) -> 8.
G68: =C68 -> 0 | H68: 9 | I68: =CONCATENATE(H68,". ",C68) -> 9.
G69: =C69 -> 0 | H69: 10 | I69: =CONCATENATE(H69,". ",C69) -> 10.
G70: =C70 -> 0 | H70: 11 | I70: =CONCATENATE(H70,". ",C70) -> 11.
G71: =C71 -> 0 | H71: 12 | I71: =CONCATENATE(H71,". ",C71) -> 12.
G72: =C72 -> 0 | H72: 13 | I72: =CONCATENATE(H72,". ",C72) -> 13.
G73: =C73 -> 0 | H73: 14 | I73: =CONCATENATE(H73,". ",C73) -> 14.
G74: =C74 -> 0 | H74: 15 | I74: =CONCATENATE(H74,". ",C74) -> 15.
A75: =CONCATENATE("Unidad de Competencia N° 05 (UC5): ",Perfil_Egreso!A24) -> Unidad de Competencia N° 05 (UC5): | G75: =C75 -> 0 | H75: 1 | I75: =CONCATENATE(H75,". ",C75) -> 1.
G76: =C76 -> 0 | H76: 2 | I76: =CONCATENATE(H76,". ",C76) -> 2.
G77: =C77 -> 0 | H77: 3 | I77: =CONCATENATE(H77,". ",C77) -> 3.
G78: =C78 -> 0 | H78: 4 | I78: =CONCATENATE(H78,". ",C78) -> 4.
G79: =C79 -> 0 | H79: 5 | I79: =CONCATENATE(H79,". ",C79) -> 5.
G80: =C80 -> 0 | H80: 6 | I80: =CONCATENATE(H80,". ",C80) -> 6.
G81: =C81 -> 0 | H81: 7 | I81: =CONCATENATE(H81,". ",C81) -> 7.
G82: =C82 -> 0 | H82: 8 | I82: =CONCATENATE(H82,". ",C82) -> 8.
G83: =C83 -> 0 | H83: 9 | I83: =CONCATENATE(H83,". ",C83) -> 9.
G84: =C84 -> 0 | H84: 10 | I84: =CONCATENATE(H84,". ",C84) -> 10.
G85: =C85 -> 0 | H85: 11 | I85: =CONCATENATE(H85,". ",C85) -> 11.
G86: =C86 -> 0 | H86: 12 | I86: =CONCATENATE(H86,". ",C86) -> 12.
G87: =C87 -> 0 | H87: 13 | I87: =CONCATENATE(H87,". ",C87) -> 13.
... G89: =C89 -> 0 | H89: 15 | I89: =CONCATENATE(H89,". ",C89) -> 15.
A90: =CONCATENATE("Unidad de Competencia N° 06 (UC6): ",Perfil_Egreso!A25) -> Unidad de Competencia N° 06 (UC6): | G90: =C90 -> 0 | H90: 1 | I90: =CONCATENATE(H90,". ",C90) -> 1.
G91: =C91 -> 0 | H91: 2 | I91: =CONCATENATE(H91,". ",C91) -> 2.
G92: =C92 -> 0 | H92: 3 | I92: =CONCATENATE(H92,". ",C92) -> 3.
G93: =C93 -> 0 | H93: 4 | I93: =CONCATENATE(H93,". ",C93) -> 4.
G94: =C94 -> 0 | H94: 5 | I94: =CONCATENATE(H94,". ",C94) -> 5.
G95: =C95 -> 0 | H95: 6 | I95: =CONCATENATE(H95,". ",C95) -> 6.
G96: =C96 -> 0 | H96: 7 | I96: =CONCATENATE(H96,". ",C96) -> 7.
G97: =C97 -> 0 | H97: 8 | I97: =CONCATENATE(H97,". ",C97) -> 8.
G98: =C98 -> 0 | H98: 9 | I98: =CONCATENATE(H98,". ",C98) -> 9.
G99: =C99 -> 0 | H99: 10 | I99: =CONCATENATE(H99,". ",C99) -> 10.
G100: =C100 -> 0 | H100: 11 | I100: =CONCATENATE(H100,". ",C100) -> 11.
G101: =C101 -> 0 | H101: 12 | I101: =CONCATENATE(H101,". ",C101) -> 12.
G102: =C102 -> 0 | H102: 13 | I102: =CONCATENATE(H102,". ",C102) -> 13.
... G104: =C104 -> 0 | H104: 15 | I104: =CONCATENATE(H104,". ",C104) -> 15.
A105: =CONCATENATE("Unidad de Competencia N° 07 (UC7): ",Perfil_Egreso!A26) -> Unidad de Competencia N° 07 (UC7): | G105: =C105 -> 0 | H105: 1 | I105: =CONCATENATE(H105,". ",C105) -> 1.
G106: =C106 -> 0 | H106: 2 | I106: =CONCATENATE(H106,". ",C106) -> 2.
G107: =C107 -> 0 | H107: 3 | I107: =CONCATENATE(H107,". ",C107) -> 3.
G108: =C108 -> 0 | H108: 4 | I108: =CONCATENATE(H108,". ",C108) -> 4.
...

Sheet Capacidades
C1: FORMATO DE PROCESO - FORMULACIÓN DE CAPACIDADES E INDICADORES POR UNIDAD DE COMPETENCIA
C5: Programa de estudios: | E5: =Perfil_Egreso!B11 -> REDES Y COMUNICACIONES | L5: RESUMEN
D7: Capacidades asociadas a la Unidad de Competencia Específica y de Empleabilidad | H7: Indicadores de la Capacidad
A9: MÓDULOS | B9: Tipo de capacidad | C9: Código Capacidad | D9: Verbo | E9: Objeto | F9: Condición | G9: Código Indicador | H9: Verbo | I9: Objeto | J9: Condición | K9: Observaciones de los facilitadores opcional | L9: Capacidades | M9: Indicadores
A10: Módulo I | B10: Capacidad técnica | C10: UC1 C1 | D10: Identificar | E10: las necesidades o requerimientos del cliente | F10: considerando procedimientos establecidos y buenas prácticas de gestión de incidentes. | G10: C1 I1 | H10: Interpreta | I10: los reportes del funcionamiento del sistema de información en producción o puesta en marcha | J10: según las funciones y alcance de los sistemas. | L10: =CONCATENATE(C10," ",D10," ",E10," ",F10," ",C11," ",D11," ",E11," ",F11) -> UC1 C1 Identificar las necesidades o requerimientos del cliente considerando procedimientos establecidos y buenas prácticas de gestión de incidentes. | M10: =CONCATENATE(G10," ",H10," ",I10," ",J10) -> C1 I1 Interpreta los reportes del funcionamiento del sistema de información en producción o puesta en marcha según las funciones y alcance de los sistemas.
G11: C1 I2 | H11: Detecta | I11: las fallas e incidencias del sistema de información en producción o puesta en marcha | J11: considerando procedimientos establecidos y buenas prácticas de gestión de incidentes. | M11: =CONCATENATE(G11," ",H11," ",I11," ",J11) -> C1 I2 Detecta las fallas e incidencias del sistema de información en producción o puesta en marcha considerando procedimientos establecidos y buenas prácticas de gestión de incidentes.
G12: C1 I3 | H12: Clasifica | I12: las fallas e incidencias del sistema de información en producción o puesta en marcha | J12: considerando procedimientos establecidos y buenas prácticas de gestión de incidentes. | M12: =CONCATENATE(G12," ",H12," ",I12," ",J12) -> C1 I3 Clasifica las fallas e incidencias del sistema de información en producción o puesta en marcha considerando procedimientos establecidos y buenas prácticas de gestión de incidentes.
M13: =CONCATENATE(G13," ",H13," ",I13," ",J13)
M14: =CONCATENATE(G14," ",H14," ",I14," ",J14)
M15: =CONCATENATE(G15," ",H15," ",I15," ",J15)
M16: =CONCATENATE(G16," ",H16," ",I16," ",J16)
M17: =CONCATENATE(G17," ",H17," ",I17," ",J17)
M18: =CONCATENATE(G18," ",H18," ",I18," ",J18)
M19: =CONCATENATE(G19," ",H19," ",I19," ",J19)
A20: Módulo I | B20: Capacidad técnica | C20: UC1 C2 | D20: Resolver | E20: las incidencias o fallas del sistema de información en el primer nivel | F20: considerando procedimientos establecidos y buenas prácticas de gestión de TI (marco metodologias COBIT y ITIL) | G20: C2 I1 | H20: Analiza | I20: las incidencias o fallas del sistema de información en el primer nivel | J20: considerando procedimientos establecidos y buenas prácticas de gestión de TI (marco metodologias COBIT y ITIL) | L20: =CONCATENATE(C20," ",D20," ",E20," ",F20," ",C21," ",D21," ",E21," ",F21) -> UC1 C2 Resolver las incidencias o fallas del sistema de información en el primer nivel considerando procedimientos establecidos y buenas prácticas de gestión de TI (marco metodologias COBIT y ITIL) | M20: =CONCATENATE(G20," ",H20," ",I20," ",J20) -> C2 I1 Analiza las incidencias o fallas del sistema de información en el primer nivel considerando procedimientos establecidos y buenas prácticas de gestión de TI (marco metodologias COBIT y ITIL)
G21: C2 I2 | H21: Plantea | I21: estrategias de solución | J21: teniendo en cuenta las incidencia o falla del sistema de información, los procedimiento establecidos y buenas prácticas de gestión de TI | M21: =CONCATENATE(G21," ",H21," ",I21," ",J21) -> C2 I2 Plantea estrategias de solución teniendo en cuenta las incidencia o falla del sistema de información, los procedimiento establecidos y buenas prácticas de gestión de TI
G22: C2 I3 | H22: Determina | I22: la estrategia de solución | J22: teniendo en cuenta las incidencia o falla del sistema de información, los procedimiento establecidos y buenas prácticas de gestión de TI | M22: =CONCATENATE(G22," ",H22," ",I22," ",J22) -> C2 I3 Determina la estrategia de solución teniendo en cuenta las incidencia o falla del sistema de información, los procedimiento establecidos y buenas prácticas de gestión de TI
G23: C2 I4 | H23: Aplica | I23: estrategia de solución | J23: siguiendo los procedimiento establecidos y buenas prácticas de gestión de TI | M23: =CONCATENATE(G23," ",H23," ",I23," ",J23) -> C2 I4 Aplica estrategia de solución siguiendo los procedimiento establecidos y buenas prácticas de gestión de TI
G24: C2 I5 | H24: Comprueba | I24: el funcionamiento del sistema de información | J24: considerando los estándares de calidad establecidos. | M24: =CONCATENATE(G24," ",H24," ",I24," ",J24) -> C2 I5 Comprueba el funcionamiento del sistema de información considerando los estándares de calidad establecidos.
M25: =CONCATENATE(G25," ",H26," ",I26," ",J25)
M28: =CONCATENATE(G28," ",H28," ",I28," ",J28)
M29: =CONCATENATE(G29," ",H29," ",I29," ",J29)
A30: Módulo I | B30: Capacidad técnica | C30: UC1 C3 | D30: Elaborar | E30: los reportes de las incidencia de los sistemas de información | F30: considerando procedimientos establecidos y buenas prácticas de gestión de TI (marco metodologias COBIT y ITIL) | G30: C2 I1 | H30: Identifica | I30: los incidentes o requerimientos de los usuarios atendidos | J30: aplicando los procedimientos establecidos según la política de la organización. | L30: =CONCATENATE(C30," ",D30," ",E30," ",F30," ",C31," ",D31," ",E31," ",F31) -> UC1 C3 Elaborar los reportes de las incidencia de los sistemas de información considerando procedimientos establecidos y buenas prácticas de gestión de TI (marco metodologias COBIT y ITIL) | M30: =CONCATENATE(G30," ",H30," ",I30," ",J30) -> C2 I1 Identifica los incidentes o requerimientos de los usuarios atendidos aplicando los procedimientos establecidos según la política de la organización.
G31: C2 I2 | H31: Señala | I31: las lecciones aprendidas | J31: considerando procedimientos establecidos y buenas practicas de gestión de TI. | M31: =CONCATENATE(G31," ",H31," ",I31," ",J31) -> C2 I2 Señala las lecciones aprendidas considerando procedimientos establecidos y buenas practicas de gestión de TI.
G32: C2 I3 | H32: Clasifica | I32: los incidentes o requerimientos de los usuarios atendidos en una BD o repositorio | J32: considerando procedimientos establecidos y buenas practicas de gestión de TI. | M32: =CONCATENATE(G32," ",H32," ",I32," ",J32) -> C2 I3 Clasifica los incidentes o requerimientos de los usuarios atendidos en una BD o repositorio considerando procedimientos establecidos y buenas practicas de gestión de TI.
G33: C2 I4 | H33: Documenta | I33: las acciones de gestión de inicdenicias y/o requerimientos | J33: generando reportes de cumplimiento, de acuerdo a los niveles de servicio TI. | M33: =CONCATENATE(G33," ",H33," ",I33," ",J33) -> C2 I4 Documenta las acciones de gestión de inicdenicias y/o requerimientos generando reportes de cumplimiento, de acuerdo a los niveles de servicio TI.
G34: C2 I5 | H34: Realiza | I34: copias de seguridad | J34: según los procedimientos establecidos. | M34: =CONCATENATE(G34," ",H34," ",I34," ",J34) -> C2 I5 Realiza copias de seguridad según los procedimientos establecidos.
M35: =CONCATENATE(G35," ",H35," ",I35," ",J35)
M36: =CONCATENATE(G36," ",H36," ",I36," ",J36)
M37: =CONCATENATE(G37," ",H37," ",I37," ",J37)
M38: =CONCATENATE(G38," ",H38," ",I38," ",J38)
M39: =CONCATENATE(G39," ",H39," ",I39," ",J39)
A40: Módulo I | B40: Capacidad técnica | L40: =CONCATENATE(C40," ",D40," ",E40," ",F40," ",C41," ",D41," ",E41," ",F41) | M40: =CONCATENATE(G40," ",H40," ",I40," ",J40)
M41: =CONCATENATE(G41," ",H41," ",I41," ",J41)
M42: =CONCATENATE(G42," ",H42," ",I42," ",J42)
M43: =CONCATENATE(G43," ",H43," ",I43," ",J43)
M44: =CONCATENATE(G44," ",H44," ",I44," ",J44)
M45: =CONCATENATE(G45," ",H45," ",I45," ",J45)
M46: =CONCATENATE(G46," ",H46," ",I46," ",J46)
M47: =CONCATENATE(G47," ",H47," ",I47," ",J47)
M48: =CONCATENATE(G48," ",H48," ",I48," ",J48)
M49: =CONCATENATE(G49," ",H49," ",I49," ",J49)
A50: Módulo I | B50: Capacidad técnica | L50: =CONCATENATE(C50," ",D50," ",E50," ",F50," ",C51," ",D51," ",E51," ",F51) | M50: =CONCATENATE(G50," ",H50," ",I50," ",J50)
M51: =CONCATENATE(G51," ",H51," ",I51," ",J51)
M52: =CONCATENATE(G52," ",H52," ",I52," ",J52)
M53: =CONCATENATE(G53," ",H53," ",I53," ",J53)
M54: =CONCATENATE(G54," ",H54," ",I54," ",J54)
M55: =CONCATENATE(G55," ",H55," ",I55," ",J55)
M56: =CONCATENATE(G56," ",H56," ",I56," ",J56)
M57: =CONCATENATE(G57," ",H57," ",I57," ",J57)
M58: =CONCATENATE(G58," ",H58," ",I58," ",J58)
M59: =CONCATENATE(G59," ",H59," ",I59," ",J59)
A60: Módulo I | B60: Capacidad técnica | L60: =CONCATENATE(C60," ",D60," ",E60," ",F60," ",C61," ",D61," ",E61," ",F61) | M60: =CONCATENATE(G60," ",H60," ",I60," ",J60)
M61: =CONCATENATE(G61," ",H61," ",I61," ",J61)
M62: =CONCATENATE(G62," ",H62," ",I62," ",J62)
M63: =CONCATENATE(G63," ",H63," ",I63," ",J63)
M64: =CONCATENATE(G64," ",H64," ",I64," ",J64)
M65: =CONCATENATE(G65," ",H65," ",I65," ",J65)
M66: =CONCATENATE(G66," ",H66," ",I66," ",J66)
M67: =CONCATENATE(G67," ",H67," ",I67," ",J67)
M68: =CONCATENATE(G68," ",H68," ",I68," ",J68)
M69: =CONCATENATE(G69," ",H69," ",I69," ",J69)
A70: Módulo I | B70: Capacidad técnica | L70: =CONCATENATE(C70," ",D70," ",E70," ",F70," ",C71," ",D71," ",E71," ",F71) | M70: =CONCATENATE(G70," ",H70," ",I70," ",J70)
M71: =CONCATENATE(G71," ",H71," ",I71," ",J71)
M72: =CONCATENATE(G72," ",H72," ",I72," ",J72)
M73: =CONCATENATE(G73," ",H73," ",I73," ",J73)
M74: =CONCATENATE(G74," ",H74," ",I74," ",J74)
M75: =CONCATENATE(G75," ",H75," ",I75," ",J75)
M76: =CONCATENATE(G76," ",H76," ",I76," ",J76)
M77: =CONCATENATE(G77," ",H77," ",I77," ",J77)
M78: =CONCATENATE(G78," ",H78," ",I78," ",J78)
M79: =CONCATENATE(G79," ",H79," ",I79," ",J79)
A80: Módulo I | B80: Capacidad técnica | L80: =CONCATENATE(C80," ",D80," ",E80," ",F80," ",C81," ",D81," ",E81," ",F81) | M80: =CONCATENATE(G80," ",H80," ",I80," ",J80)
M81: =CONCATENATE(G81," ",H81," ",I81," ",J81)
M82: =CONCATENATE(G82," ",H82," ",I82," ",J82)
M83: =CONCATENATE(G83," ",H83," ",I83," ",J83)
M84: =CONCATENATE(G84," ",H84," ",I84," ",J84)
M85: =CONCATENATE(G85," ",H85," ",I85," ",J85)
M86: =CONCATENATE(G86," ",H86," ",I86," ",J86)
M87: =CONCATENATE(G87," ",H87," ",I87," ",J87)
M88: =CONCATENATE(G88," ",H88," ",I88," ",J88)
M89: =CONCATENATE(G89," ",H89," ",I89," ",J89)
A90: Módulo I | B90: Capacidad técnica | L90: =CONCATENATE(C90," ",D90," ",E90," ",F90," ",C91," ",D91," ",E91," ",F91) | M90: =CONCATENATE(G90," ",H90," ",I90," ",J90)
M91: =CONCATENATE(G91," ",H91," ",I91," ",J91)
M92: =CONCATENATE(G92," ",H92," ",I92," ",J92)
M93: =CONCATENATE(G93," ",H93," ",I93," ",J93)
M94: =CONCATENATE(G94," ",H94," ",I94," ",J94)
M95: =CONCATENATE(G95," ",H95," ",I95," ",J95)
M96: =CONCATENATE(G96," ",H96," ",I96," ",J96)
M97: =CONCATENATE(G97," ",H97," ",I97," ",J97)
M98: =CONCATENATE(G98," ",H98," ",I98," ",J98)
M99: =CONCATENATE(G99," ",H99," ",I99," ",J99)
A100: Módulo I | B100: Capacidad técnica | L100: =CONCATENATE(C100," ",D100," ",E100," ",F100," ",C101," ",D101," ",E101," ",F101) | M100: =CONCATENATE(G100," ",H100," ",I100," ",J100)
M101: =CONCATENATE(G101," ",H101," ",I101," ",J101)
M102: =CONCATENATE(G102," ",H102," ",I102," ",J102)
M103: =CONCATENATE(G103," ",H103," ",I103," ",J103)
M104: =CONCATENATE(G104," ",H104," ",I104," ",J104)
M105: =CONCATENATE(G105," ",H105," ",I105," ",J105)
M106: =CONCATENATE(G106," ",H106," ",I106," ",J106)
M107: =CONCATENATE(G107," ",H107," ",I107," ",J107)
...

Sheet Organización_Modular
A1: ORGANIZACIÓN MODULAR
A3: DENOMINACIÓN DE LA INSTITUCIÓN | C3: =Perfil_Egreso!B3 -> CETPRO JUANJUI | F3: CÓDIGO MODULAR | G3: =Perfil_Egreso!E3 -> 0533836
A5: =Perfil_Egreso!A11 -> DENOMINACIÓN DEL PROGRAMA DE ESTUDIOS SEGÚN CNOF (según corresponda) | C5: =Perfil_Egreso!B11 -> REDES Y COMUNICACIONES | D5: CÓDIGO * | E5: =Perfil_Egreso!E11 -> J2662-2-001 | F5: NIVEL FORMATIVO | G5: =Perfil_Egreso!B15 -> TÉCNICO
A7: =Perfil_Egreso!A13 -> FORMACIÓN** | C7: =Perfil_Egreso!B13 -> 0 | E7: MODALIDAD DEL SERVICIO EDUCATIVO | F7: =Perfil_Egreso!D13 -> PRESENCIAL
H8: Información solo de proceso
A9: MÓDULO | B9: DESCRIPCIÓN DE LA COMPETENCIA | D9: CAPACIDADES | F9: UNIDAD DIDÁCTICA | G9: PERIODO ACADÉMICO | H9: Crédito teórico | I9: Crédito práctico | J9: T.créditos (Filtrar)
A10: MÓDULO 1: GESTION DE SERVICIOS TECNOLOGICOS | B10: Competencias técnicas (Unidad de competencia) | C10: UC1: Atender requerimientos, incidentes y problemas de primer nivel, asimismo brindar asistencia a nivel operativo y funcional en la etapa de puesta en marcha de los sistemas o servicios de TI, según los procedimientos internos de atención, diseño del sistema o servicios, plan de implantación y buenas prácticas. | D10: =OFFSET(Capacidades!$A$1,(ROW()-9)*10-1,11) -> UC1 C1 Identificar las necesidades o requerimientos del cliente considerando procedimientos establecidos y buenas prácticas de gestión de incidentes. | F10: Análisis de requerimientos de Tecnología de la Información. | G10: I | H10: 2 | I10: 3 | J10: =SUM(H10:I10) -> 5
D11: =OFFSET(Capacidades!$A$1,(ROW()-9)*10-1,11) -> UC1 C2 Resolver las incidencias o fallas del sistema de información en el primer nivel considerando procedimientos establecidos y buenas prácticas de gestión de TI (marco metodologias COBIT y ITIL) | F11: Atención de incidencias del sistema de infomación | G11: I | H11: 2 | I11: 3 | J11: =SUM(H11:I11) -> 5
D12: =OFFSET(Capacidades!$A$1,(ROW()-9)*10-1,11) -> UC1 C3 Elaborar los reportes de las incidencia de los sistemas de información considerando procedimientos establecidos y buenas prácticas de gestión de TI (marco metodologias COBIT y ITIL) | F12: Reporte de incidencia del sistema de información | G12: I | H12: 2 | I12: 2 | J12: =SUM(H12:I12) -> 4
D13: =OFFSET(Capacidades!$A$1,(ROW()-9)*10-1,11) | J13: =SUM(H13:I13) -> 0
D14: =OFFSET(Capacidades!$A$1,(ROW()-9)*10-1,11) | J14: =SUM(H14:I14) -> 0
D15: =OFFSET(Capacidades!$A$1,(ROW()-9)*10-1,11) | J15: =SUM(H15:I15) -> 0
D16: =OFFSET(Capacidades!$A$1,(ROW()-9)*10-1,11) | J16: =SUM(H16:I16) -> 0
D17: =OFFSET(Capacidades!$A$1,(ROW()-9)*10-1,11) | J17: =SUM(H17:I17) -> 0
D18: =OFFSET(Capacidades!$A$1,(ROW()-9)*10-1,11) | J18: =SUM(H18:I18) -> 0
D19: =OFFSET(Capacidades!$A$1,(ROW()-9)*10-1,11) | J19: =SUM(H19:I19) -> 0
D20: =OFFSET(Capacidades!$A$1,(ROW()-9)*10-1,11) | J20: =SUM(H20:I20) -> 0
D21: =OFFSET(Capacidades!$A$1,(ROW()-9)*10-1,11) | J21: =SUM(H21:I21) -> 0
D22: =OFFSET(Capacidades!$A$1,(ROW()-9)*10-1,11) | J22: =SUM(H22:I22) -> 0
D23: =OFFSET(Capacidades!$A$1,(ROW()-9)*10-1,11) | J23: =SUM(H23:I23) -> 0
D24: =OFFSET(Capacidades!$A$1,(ROW()-9)*10-1,11) | J24: =SUM(H24:I24) -> 0
... D29: =OFFSET(Capacidades!$A$1,(ROW()-9)*10-1,11) | J29: =SUM(H29:I29) -> 0
B30: Competencias para la empleabilidad | C30: CE1 Comunicación efectiva.- Expresar de manera clara los conceptos, ideas, sentimientos, hechos y opiniones en forma oral y escrita para comunicarse e interactuar con otras personas en contextos sociales y laborales diversos. (UD) | D30: =OFFSET(Capacidades!$A$1,(ROW()-9)*10-1,11) -> CE1 C1 Comunicar conceptos, ideas, opiniones, sentimientos y hechos en forma oral en situaciones relacionadas a su entorno personal y profesional. | F30: Comunicación Oral | G30: I | H30: 1 | I30: 1 | J30: =SUM(H30:I30) -> 2
D31: =OFFSET(Capacidades!$A$1,(ROW()-9)*10-1,11) -> CE1 C2 Comunicar conceptos, ideas, opiniones, sentimientos y hechos en forma escrita en situaciones relacionadas a su entorno social, educativo y laboral. | F31: Comunicación Escrita | G31: I | H31: 0 | I31: 1 | J31: =SUM(H31:I31) -> 1
D32: =OFFSET(Capacidades!$A$1,(ROW()-9)*10-1,11) | J32: =SUM(H32:I32) -> 0
D33: =OFFSET(Capacidades!$A$1,(ROW()-9)*10-1,11) | J33: =SUM(H33:I33) -> 0
D34: =OFFSET(Capacidades!$A$1,(ROW()-9)*10-1,11) | J34: =SUM(H34:I34) -> 0
D35: =OFFSET(Capacidades!$A$1,(ROW()-9)*10-1,11) | J35: =SUM(H35:I35) -> 0
D36: =OFFSET(Capacidades!$A$1,(ROW()-9)*10-1,11) | J36: =SUM(H36:I36) -> 0
D37: =OFFSET(Capacidades!$A$1,(ROW()-9)*10-1,11) | J37: =SUM(H37:I37) -> 0
D38: =OFFSET(Capacidades!$A$1,(ROW()-9)*10-1,11) | J38: =SUM(H38:I38) -> 0
D39: =OFFSET(Capacidades!$A$1,(ROW()-9)*10-1,11) | J39: =SUM(H39:I39) -> 0
B40: Experiencias formativas en situaciones reales de trabajo (ESRT) | H40: 0 | I40: 3 | J40: =SUM(H40:I40) -> 3
A41: MÓDULO 2: INFRAESTRUCTURA TI | B41: =$B$10 -> Competencias técnicas (Unidad de competencia) | C41: UC2: Ejecuta acciones de monitoreo y otras acciones operativas programadas, de acuerdo a las buenas prácticas de aseguramiento de operaciones del CPD (Centro de Procesamiento de Datos) y salvaguarda de la información de negocio | D41: =OFFSET(Capacidades!$A$302,(ROW()-40)*10-1,11) -> UC2 C1 Realizar el seguimiento de la infraestructua de TI de acuerdo a las buenas prácticas y normativa vigente. | F41: Monitoreo de infraestructura de TI | G41: II | H41: 2 | I41: 2 | J41: =SUM(H41:I41) -> 4
D42: =OFFSET(Capacidades!$A$302,(ROW()-40)*10-1,11) -> UC2 C2 Realizar el mantenimiento preventivo de la infraestructura de plataformas y servicios de TI teniendo en cuenta las especificaciones técnicas y políticas del servicio. | F42: Mantenimiento preventivo de Tecnologías de la Información | G42: II | H42: 2 | I42: 2 | J42: =SUM(H42:I42) -> 4
D43: =OFFSET(Capacidades!$A$302,(ROW()-40)*10-1,11) -> UC2 C3 Realizar el mantenimiento correctivo de la infraestructura de plataformas y servicios de TI teniendo en cuenta las especificaciones técnicas y políticas del servicio. | F43: Mantenimiento correctivo de Tecnologías de la Información | G43: II | H43: 2 | I43: 2 | J43: =SUM(H43:I43) -> 4
D44: =OFFSET(Capacidades!$A$302,(ROW()-40)*10-1,11) -> UC2 C4 Reportar incidencias y/o acciones relacionadas a la infraestructura de sistemas de información | F44: Reporte de incidencia de Tecnología de la Información | G44: II | H44: 1 | I44: 1 | J44: =SUM(H44:I44) -> 2
D45: =OFFSET(Capacidades!$A$302,(ROW()-40)*10-1,11) | J45: =SUM(H45:I45) -> 0
D46: =OFFSET(Capacidades!$A$302,(ROW()-40)*10-1,11) | J46: =SUM(H46:I46) -> 0
D47: =OFFSET(Capacidades!$A$302,(ROW()-40)*10-1,11) | J47: =SUM(H47:I47) -> 0
D48: =OFFSET(Capacidades!$A$302,(ROW()-40)*10-1,11) | J48: =SUM(H48:I48) -> 0
D49: =OFFSET(Capacidades!$A$302,(ROW()-40)*10-1,11) | J49: =SUM(H49:I49) -> 0
D50: =OFFSET(Capacidades!$A$302,(ROW()-40)*10-1,11) | J50: =SUM(H50:I50) -> 0
D51: =OFFSET(Capacidades!$A$302,(ROW()-40)*10-1,11) | J51: =SUM(H51:I51) -> 0
D52: =OFFSET(Capacidades!$A$302,(ROW()-40)*10-1,11) | J52: =SUM(H52:I52) -> 0
D53: =OFFSET(Capacidades!$A$302,(ROW()-40)*10-1,11) | J53: =SUM(H53:I53) -> 0
D54: =OFFSET(Capacidades!$A$302,(ROW()-40)*10-1,11) | J54: =SUM(H54:I54) -> 0
D55: =OFFSET(Capacidades!$A$302,(ROW()-40)*10-1,11) | J55: =SUM(H55:I55) -> 0
D56: =OFFSET(Capacidades!$A$302,(ROW()-40)*10-1,11) | J56: =SUM(H56:I56) -> 0
... D60: =OFFSET(Capacidades!$A$302,(ROW()-40)*10-1,11) | J60: =SUM(H60:I60) -> 0
B61: =$B$30 -> Competencias para la empleabilidad | C61: CE5 Solución de problemas.- Identificar situaciones complejas para evaluar posibles soluciones, aplicando un conjunto de herramientas flexibles que conlleven a la atención de una necesidad.(UD) | D61: =OFFSET(Capacidades!$A$302,(ROW()-40)*10-1,11) -> CE5 C1 Identificar situaciones o problemas del proceso productivo o de servicios considerando los objetivos del área de desempeño. | F61: Solucion de Problemas | G61: II | H61: 0 | I61: 1 | J61: =SUM(H61:I61) -> 1
D62: =OFFSET(Capacidades!$A$302,(ROW()-40)*10-1,11) -> CE5 C2 Plantear alternativas de soluciones a situaciones o problemas del proceso productivo o de servicios, considerando los objetivos del área de desempeño. | F62: Alternativas de solución de problemas. | G62: II | H62: 0 | I62: 1 | J62: =SUM(H62:I62) -> 1
D63: =OFFSET(Capacidades!$A$302,(ROW()-40)*10-1,11) | J63: =SUM(H63:I63) -> 0
D64: =OFFSET(Capacidades!$A$302,(ROW()-40)*10-1,11) | J64: =SUM(H64:I64) -> 0
D65: =OFFSET(Capacidades!$A$302,(ROW()-40)*10-1,11) | J65: =SUM(H65:I65) -> 0
D66: =OFFSET(Capacidades!$A$302,(ROW()-40)*10-1,11) | J66: =SUM(H66:I66) -> 0
D67: =OFFSET(Capacidades!$A$302,(ROW()-40)*10-1,11) | J67: =SUM(H67:I67) -> 0
D68: =OFFSET(Capacidades!$A$302,(ROW()-40)*10-1,11) | J68: =SUM(H68:I68) -> 0
D69: =OFFSET(Capacidades!$A$302,(ROW()-40)*10-1,11) | J69: =SUM(H69:I69) -> 0
D70: =OFFSET(Capacidades!$A$302,(ROW()-40)*10-1,11) | J70: =SUM(H70:I70) -> 0
B71: =$B$40 -> Experiencias formativas en situaciones reales de trabajo (ESRT) | H71: 0 | I71: 4 | J71: =SUM(H71:I71) -> 4
A72: MÓDULO 3: CONEXIÓN Y DISEÑO DE REDES | B72: =$B$10 -> Competencias técnicas (Unidad de competencia) | C72: UC3: Realizar puesta en producción de sistemas de información o servicios de TI, de acuerdo a la planificación efectuada | D72: =OFFSET(Capacidades!$A$603,(ROW()-71)*10-1,11) -> UC3 C1 Desarrollar las pruebas unitarias de acuerdo a la funcionalidad del software y aplicando buenas prácticas de TI | F72: Desarrollo de prubas unitarias | G72: III | H72: 2 | I72: 3 | J72: =SUM(H72:I72) -> 5
D73: =OFFSET(Capacidades!$A$603,(ROW()-71)*10-1,11) -> UC3 C2 Implementar sistemas de información o servicios TI, de acuerdo a los requerimientos y aplicando buenas prácticas de TI. | F73: Implementación de sistemas de información y servicios de TI | G73: III | H73: 2 | I73: 2 | J73: =SUM(H73:I73) -> 4
D74: =OFFSET(Capacidades!$A$603,(ROW()-71)*10-1,11) -> UC3 C3 Implementar acciones correctivas ante un mal funcionamiento del sistema de información o servicios de TI, de acuerdo con el diseño funcional del sistema o servicio de TI y buenas prácticas de TI. | F74: Acciones correctivas de sistemas de información y servicios de TI | G74: III | H74: 2 | I74: 3 | J74: =SUM(H74:I74) -> 5
D75: =OFFSET(Capacidades!$A$603,(ROW()-71)*10-1,11) | J75: =SUM(H75:I75) -> 0
D76: =OFFSET(Capacidades!$A$603,(ROW()-71)*10-1,11) | J76: =SUM(H76:I76) -> 0
D77: =OFFSET(Capacidades!$A$603,(ROW()-71)*10-1,11) | J77: =SUM(H77:I77) -> 0
D78: =OFFSET(Capacidades!$A$603,(ROW()-71)*10-1,11) | J78: =SUM(H78:I78) -> 0
D79: =OFFSET(Capacidades!$A$603,(ROW()-71)*10-1,11) | J79: =SUM(H79:I79) -> 0
D80: =OFFSET(Capacidades!$A$603,(ROW()-71)*10-1,11) | J80: =SUM(H80:I80) -> 0
D81: =OFFSET(Capacidades!$A$603,(ROW()-71)*10-1,11) | J81: =SUM(H81:I81) -> 0
D82: =OFFSET(Capacidades!$A$603,(ROW()-71)*10-1,11) | J82: =SUM(H82:I82) -> 0
D83: =OFFSET(Capacidades!$A$603,(ROW()-71)*10-1,11) | J83: =SUM(H83:I83) -> 0
D84: =OFFSET(Capacidades!$A$603,(ROW()-71)*10-1,11) | J84: =SUM(H84:I84) -> 0
D85: =OFFSET(Capacidades!$A$603,(ROW()-71)*10-1,11) | J85: =SUM(H85:I85) -> 0
D86: =OFFSET(Capacidades!$A$603,(ROW()-71)*10-1,11) | J86: =SUM(H86:I86) -> 0
... D91: =OFFSET(Capacidades!$A$603,(ROW()-71)*10-1,11) | J91: =SUM(H91:I91) -> 0
B92: =$B$30 -> Competencias para la empleabilidad | C92: CE2 Tecnologías de la información.- Manejar herramientas informáticas de las TIC para buscar y analizar información, comunicarse y realizar procedimientos o tareas vinculadas al área profesional, de acuerdo a los requerimientos de su entorno laboral.(UD) | D92: =OFFSET(Capacidades!$A$603,(ROW()-71)*10-1,11) -> CE2 C1 Utilizar aplicaciones y herramientas informáticas de las TIC de manera responsable y técnica. | F92: Herramientas virtuales (Aplicaciones Web) | G92: III | H92: 1 | I92: 1 | J92: =SUM(H92:I92) -> 2
D93: =OFFSET(Capacidades!$A$603,(ROW()-71)*10-1,11) -> CE2 C2 Utilizar software de aplicación en la realización de tareas y requerimientos vinculados a su programa de estudio. | F93: Aplicaciones web (Aplicaciones Ofimáticas) | G93: III | H93: 0 | I93: 1 | J93: =SUM(H93:I93) -> 1
D94: =OFFSET(Capacidades!$A$603,(ROW()-71)*10-1,11) | J94: =SUM(H94:I94) -> 0
D95: =OFFSET(Capacidades!$A$603,(ROW()-71)*10-1,11) | J95: =SUM(H95:I95) -> 0
D96: =OFFSET(Capacidades!$A$603,(ROW()-71)*10-1,11) | J96: =SUM(H96:I96) -> 0
D97: =OFFSET(Capacidades!$A$603,(ROW()-71)*10-1,11) | J97: =SUM(H97:I97) -> 0
D98: =OFFSET(Capacidades!$A$603,(ROW()-71)*10-1,11) | J98: =SUM(H98:I98) -> 0
D99: =OFFSET(Capacidades!$A$603,(ROW()-71)*10-1,11) | J99: =SUM(H99:I99) -> 0
D100: =OFFSET(Capacidades!$A$603,(ROW()-71)*10-1,11) | J100: =SUM(H100:I100) -> 0
D101: =OFFSET(Capacidades!$A$603,(ROW()-71)*10-1,11) | J101: =SUM(H101:I101) -> 0
B102: =$B$40 -> Experiencias formativas en situaciones reales de trabajo (ESRT) | H102: 0 | I102: 3 | J102: =SUM(H102:I102) -> 3
A103: MÓDULO IV: IMPLEMENTACIÓN Y CONFIGURACIÓN DE REDES DE SISTEMAS DE INFORMACION Y SERVICIOS TI | B103: =$B$10 -> Competencias técnicas (Unidad de competencia) | C103: UC4: Implementar y configurar las redes y servicios de comunicaciones efectuando las pruebas y certificaciones, de acuerdo con las necesidades del negocio, estándares internacionales de TI y políticas de seguridad de la organización. | D103: =OFFSET(Capacidades!$A$904,(ROW()-102)*10-1,11) -> UC 4 C1 Instalar las redes y servicios de comunicaciones efectuando las pruebas y certificaciones, de acuerdo con las necesidades del negocio, estándares internacionales de TI y políticas de seguridad de la organización. | F103: Instalación de redes y comunicaciones | G103: IV | H103: 3 | I103: 1 | J103: =SUM(H103:I103) -> 4
D104: =OFFSET(Capacidades!$A$904,(ROW()-102)*10-1,11) -> UC4 C2 Ejecutar la configuración de la infraestructura de redes y telecomunicaciones de la empresa de acuerdo con la arquitectura e infraestructura de sistemas, requerimientos del negocio, estándares internacionales de TI y políticas de seguridad de la organización. | F104: Configuración de redes y telecomunicaciones | G104: IV | H104: 2 | I104: 1 | J104: =SUM(H104:I104) -> 3
D105: =OFFSET(Capacidades!$A$904,(ROW()-102)*10-1,11) -> UC4 C3 Realizar el mantenimiento preventivo y correctivo de las redes y comunicaciones de la organización de acuerdo con buenas prácticas de gestión de redes, recomendaciones del fabricantes, proveedores de servicios, capacity planning y gestión de riesgos. | F105: Mantenimiento preventivo y correctivo de redes y comunicaciones | G105: IV | H105: 1 | I105: 2 | J105: =SUM(H105:I105) -> 3
D106: =OFFSET(Capacidades!$A$904,(ROW()-102)*10-1,11) -> UC4 C4 Reportar las acciones ejecutadas y las observaciones detectadas en el proceso de mantemiento de la infrestructura de red y comunicaciones, de acuerdo con el plan de actividades programadas, el historial de mantenimiento, gestión de riesgos y políticas de seguridad de la organización. | F106: Seguridad y control de riesgos | G106: IV | H106: 0 | I106: 1 | J106: =SUM(H106:I106) -> 1
D107: =OFFSET(Capacidades!$A$904,(ROW()-102)*10-1,11) | J107: =SUM(H107:I107) -> 0
D108: =OFFSET(Capacidades!$A$904,(ROW()-102)*10-1,11) | J108: =SUM(H108:I108) -> 0
D109: =OFFSET(Capacidades!$A$904,(ROW()-102)*10-1,11) | J109: =SUM(H109:I109) -> 0
D110: =OFFSET(Capacidades!$A$904,(ROW()-102)*10-1,11) | J110: =SUM(H110:I110) -> 0
D111: =OFFSET(Capacidades!$A$904,(ROW()-102)*10-1,11) | J111: =SUM(H111:I111) -> 0
D112: =OFFSET(Capacidades!$A$904,(ROW()-102)*10-1,11) | J112: =SUM(H112:I112) -> 0
D113: =OFFSET(Capacidades!$A$904,(ROW()-102)*10-1,11) | J113: =SUM(H113:I113) -> 0
D114: =OFFSET(Capacidades!$A$904,(ROW()-102)*10-1,11) | J114: =SUM(H114:I114) -> 0
...

Sheet M1
A1: ORGANIZACIÓN DE LOS ELEMENTOS DEL MÓDULO
A3: DENOMINACIÓN DE LA INSTITUCIÓN | B3: =Perfil_Egreso!B3 -> CETPRO JUANJUI | F3: CÓDIGO MODULAR DEL CETPRO | I3: =Perfil_Egreso!E3 -> 0533836
A5: SECTOR ECONÓMICO | B5: =Perfil_Egreso!B5 -> INFORMACIÓN Y COMUNICACIONES | C5: FAMILIA PRODUCTIVA | D5: =Perfil_Egreso!D5 -> TECNOLOGÍAS DE LA INFORMACIÓN Y COMUNICACIONES - TICS | F5: ACTIVIDAD ECONÓMICA | I5: =Perfil_Egreso!B7 -> PROGRAMACIÓN INFORMÁTICA, CONSULTORÍA DE INFORMÁTICA Y ACTIVIDADES CONEXAS
A7: =Perfil_Egreso!A11 -> DENOMINACIÓN DEL PROGRAMA DE ESTUDIOS SEGÚN CNOF (según corresponda) | B7: =Perfil_Egreso!B11 -> REDES Y COMUNICACIONES | C7: CÓDIGO * | D7: =Perfil_Egreso!E11 -> J2662-2-001 | F7: =Perfil_Egreso!A9 -> DENOMINACIÓN VARIANTE | I7: =Perfil_Egreso!B9 -> 0
A9: =Perfil_Egreso!A13 -> FORMACIÓN** | B9: =Perfil_Egreso!B13 -> 0 | C9: N°. HORAS: | D9: =Itinerario!W17 -> 2112 | F9: N° CRÉDITOS: | I9: =Itinerario!T17 -> 80
A11: =Perfil_Egreso!C13 -> MODALIDAD DEL SERVICIO EDUCATIVO | B11: =Perfil_Egreso!D13 -> PRESENCIAL | F11: =Perfil_Egreso!A15 -> NIVEL FORMATIVO | I11: =Perfil_Egreso!B15 -> TÉCNICO
A13: UNIDAD DE COMPETENCIA DEL CATÁLOGO NACIONAL DE LA OFERTA FORMATIVA
A14: =Organización_Modular!C10 -> UC1: Atender requerimientos, incidentes y problemas de primer nivel, asimismo brindar asistencia a nivel operativo y funcional en la etapa de puesta en marcha de los sistemas o servicios de TI, según los procedimientos internos de atención, diseño del sistema o servicios, plan de implantación y buenas prácticas.
A15: DENOMINACIÓN DEL MÓDULO | B15: =Organización_Modular!A10 -> MÓDULO 1: GESTION DE SERVICIOS TECNOLOGICOS
A16: CAPACIDADES TÉCNICAS O ESPECÍFICAS | B16: INDICADORES DE LOGRO DE LA CAPACIDAD | C16: CONTENIDOS | D16: UNIDAD DIDÁCTICA | E16: Periodo | F16: CRÉDITOS | H16: CRÉDITOS | I16: HORAS | K16: HORAS | L16: PERFIL DOCENTE | M16: Filtrar
F17: Teórico | G17: Práctica | I17: Teórico | J17: Práctica
A18: =Capacidades!L10 -> UC1 C1 Identificar las necesidades o requerimientos del cliente considerando procedimientos establecidos y buenas prácticas de gestión de incidentes. | B18: =Capacidades!M10 -> C1 I1 Interpreta los reportes del funcionamiento del sistema de información en producción o puesta en marcha según las funciones y alcance de los sistemas. | C18: •Sistemas de información (Alcance, tipos, arquitectura, componentes y funcionalidad). •Ciclo de vida del software. •Reportes de funcionalidad del sistema de información. | D18: =Organización_Modular!F10 -> Análisis de requerimientos de Tecnología de la Información. | E18: =Organización_Modular!G10 -> I | F18: =Organización_Modular!H10 -> 2 | G18: =Organización_Modular!I10 -> 3 | H18: =SUM(F18:G18) -> 5 | I18: =F18*16 -> 32 | J18: =G18*32 -> 96 | K18: =SUM(I18:J18) -> 128 | L18: PROFESIONAL EN COMPUTACION E INFORMATICA, TECNICO PROFESIONAL EN COMPUTACION E INFORMATICA, TECNICO EN OPEFRACION DE COMPUTADORAS - PROFESIONAL EN PEDAGOGIA | M18: =B18 -> C1 I1 Interpreta los reportes del funcionamiento del sistema de información en producción o puesta en marcha según las funciones y alcance de los sistemas.
B19: =Capacidades!M11 -> C1 I2 Detecta las fallas e incidencias del sistema de información en producción o puesta en marcha considerando procedimientos establecidos y buenas prácticas de gestión de incidentes. | C19: •Gestión de incidencias •Buenas prácticas de gestion de TI según ITIL (deteccion de fallos e incidencias) •Gestión de control de TI según COBIT (deteccion de fallos e incidencias) | M19: =B19 -> C1 I2 Detecta las fallas e incidencias del sistema de información en producción o puesta en marcha considerando procedimientos establecidos y buenas prácticas de gestión de incidentes.
B20: =Capacidades!M12 -> C1 I3 Clasifica las fallas e incidencias del sistema de información en producción o puesta en marcha considerando procedimientos establecidos y buenas prácticas de gestión de incidentes. | C20: •Gestion de incidencias •Buenas prácticas de gestion de TI según ITIL (interpretación, clasificación) •Gestión de control de TI según COBIT (interpretación, clasificación) | M20: =B20 -> C1 I3 Clasifica las fallas e incidencias del sistema de información en producción o puesta en marcha considerando procedimientos establecidos y buenas prácticas de gestión de incidentes.
A21: =Capacidades!L20 -> UC1 C2 Resolver las incidencias o fallas del sistema de información en el primer nivel considerando procedimientos establecidos y buenas prácticas de gestión de TI (marco metodologias COBIT y ITIL) | B21: =Capacidades!M20 -> C2 I1 Analiza las incidencias o fallas del sistema de información en el primer nivel considerando procedimientos establecidos y buenas prácticas de gestión de TI (marco metodologias COBIT y ITIL) | C21: •Gestión de incidencias. •Análisis de fallas. •Fallas de sistema. •Fallas de hardware. •Fallas de software. •Gestión de control de TI según COBIT e ITIL (interpretación, clasificación) | D21: =Organización_Modular!F11 -> Atención de incidencias del sistema de infomación | E21: =Organización_Modular!G11 -> I | F21: =Organización_Modular!H11 -> 2 | G21: =Organización_Modular!I11 -> 3 | H21: =SUM(F21:G21) -> 5 | I21: =F21*16 -> 32 | J21: =G21*32 -> 96 | K21: =SUM(I21:J21) -> 128 | M21: =B21 -> C2 I1 Analiza las incidencias o fallas del sistema de información en el primer nivel considerando procedimientos establecidos y buenas prácticas de gestión de TI (marco metodologias COBIT y ITIL)
B22: =Capacidades!M21 -> C2 I2 Plantea estrategias de solución teniendo en cuenta las incidencia o falla del sistema de información, los procedimiento establecidos y buenas prácticas de gestión de TI | C22: •Análisis de sistemas de información. •Elaboración de estrategias de solucion de fallo en TI. •Patrones de fallo de sistemas. •Funcionalidad integral de sistemas de informacion. | M22: =B22 -> C2 I2 Plantea estrategias de solución teniendo en cuenta las incidencia o falla del sistema de información, los procedimiento establecidos y buenas prácticas de gestión de TI
B23: =Capacidades!M22 -> C2 I3 Determina la estrategia de solución teniendo en cuenta las incidencia o falla del sistema de información, los procedimiento establecidos y buenas prácticas de gestión de TI | C23: •Metodologías de selección de estrategias. •Buenas prácticas y control según COBIT e ITIL para selección de estrategias de solución. | M23: =B23 -> C2 I3 Determina la estrategia de solución teniendo en cuenta las incidencia o falla del sistema de información, los procedimiento establecidos y buenas prácticas de gestión de TI
B24: =Capacidades!M23 -> C2 I4 Aplica estrategia de solución siguiendo los procedimiento establecidos y buenas prácticas de gestión de TI | C24: •Solucion de problemas de primer nivel en Sistemas de información. •Buenas prácticas y control según COBIT e ITIL para solucion de problemas de primer nivel en Sistemas de información. | M24: =B24 -> C2 I4 Aplica estrategia de solución siguiendo los procedimiento establecidos y buenas prácticas de gestión de TI
B25: =Capacidades!M24 -> C2 I5 Comprueba el funcionamiento del sistema de información considerando los estándares de calidad establecidos. | C25: •Verificación y seguimiento de actividades correctivas de primer nivel en fallos de sistemas de información. •Buenas prácticas y control según COBIT e ITIL en la verificación y el seguimiento. | M25: =B25 -> C2 I5 Comprueba el funcionamiento del sistema de información considerando los estándares de calidad establecidos.
B26: =Capacidades!M25 | M26: =B26
M27: =B27 -> 0
M28: =B28 -> 0
M29: =B29 -> 0
B30: =Capacidades!M29 | M30: =B30
A31: =Capacidades!L30 -> UC1 C3 Elaborar los reportes de las incidencia de los sistemas de información considerando procedimientos establecidos y buenas prácticas de gestión de TI (marco metodologias COBIT y ITIL) | B31: =Capacidades!M30 -> C2 I1 Identifica los incidentes o requerimientos de los usuarios atendidos aplicando los procedimientos establecidos según la política de la organización. | C31: •Flujogramas y politicas de atención de la organización. •Buenas prácticas y control según COBIT e ITIL en el proceso de finalización de atención de reportes. | D31: =Organización_Modular!F12 -> Reporte de incidencia del sistema de información | E31: =Organización_Modular!G12 -> I | F31: =Organización_Modular!H12 -> 2 | G31: =Organización_Modular!I12 -> 2 | H31: =SUM(F31:G31) -> 4 | I31: =F31*16 -> 32 | J31: =G31*32 -> 64 | K31: =SUM(I31:J31) -> 96 | L31: PROFESIONAL EN COMPUTACION E INFORMATICA, TECNICO PROFESIONAL EN COMPUTACION E INFORMATICA, TECNICO EN OPEFRACION DE COMPUTADORAS - PROFESIONAL EN PEDAGOGIA | M31: =B31 -> C2 I1 Identifica los incidentes o requerimientos de los usuarios atendidos aplicando los procedimientos establecidos según la política de la organización.
B32: =Capacidades!M31 -> C2 I2 Señala las lecciones aprendidas considerando procedimientos establecidos y buenas practicas de gestión de TI. | C32: •Capacidad de autoanalisis. •Retroalimentación. •Optimización de procesos. | M32: =B32 -> C2 I2 Señala las lecciones aprendidas considerando procedimientos establecidos y buenas practicas de gestión de TI.
B33: =Capacidades!M32 -> C2 I3 Clasifica los incidentes o requerimientos de los usuarios atendidos en una BD o repositorio considerando procedimientos establecidos y buenas practicas de gestión de TI. | C33: •Buenas prácticas y control según COBIT e ITIL en la gestión de clasificacion de incidentes en bases de datos y repositorios. | M33: =B33 -> C2 I3 Clasifica los incidentes o requerimientos de los usuarios atendidos en una BD o repositorio considerando procedimientos establecidos y buenas practicas de gestión de TI.
B34: =Capacidades!M33 -> C2 I4 Documenta las acciones de gestión de inicdenicias y/o requerimientos generando reportes de cumplimiento, de acuerdo a los niveles de servicio TI. | C34: •Buenas prácticas y control según COBIT e ITIL en la documentación relacionada a manejo de incidencias. | M34: =B34 -> C2 I4 Documenta las acciones de gestión de inicdenicias y/o requerimientos generando reportes de cumplimiento, de acuerdo a los niveles de servicio TI.
B35: =Capacidades!M34 -> C2 I5 Realiza copias de seguridad según los procedimientos establecidos. | C35: •Copias de seguridad. •Herramientas de gestion de copias de seguridad. •Bases de datos y repositorios. •Buenas prácticas y control según COBIT e ITIL en el manejo de repositorios y/o backups de respaldo de información. | M35: =B35 -> C2 I5 Realiza copias de seguridad según los procedimientos establecidos.
B36: =Capacidades!M35 | M36: =B36
B37: =Capacidades!M36 | M37: =B37
B38: =Capacidades!M37 | M38: =B38
B39: =Capacidades!M38 | M39: =B39
B40: =Capacidades!M39 | M40: =B40
A41: =Capacidades!L40 | B41: =Capacidades!M40 | D41: =Organización_Modular!F13 -> 0 | E41: =Organización_Modular!G13 -> 0 | F41: =Organización_Modular!H13 -> 0 | G41: =Organización_Modular!I13 -> 0 | H41: =SUM(F41:G41) -> 0 | I41: =F41*16 -> 0 | J41: =G41*32 -> 0 | K41: =SUM(I41:J41) -> 0 | M41: =B41
B42: =Capacidades!M41 | M42: =B42
B43: =Capacidades!M42 | M43: =B43
B44: =Capacidades!M43 | M44: =B44
B45: =Capacidades!M44 | M45: =B45
B46: =Capacidades!M45 | M46: =B46
B47: =Capacidades!M46 | M47: =B47
B48: =Capacidades!M47 | M48: =B48
B49: =Capacidades!M48 | M49: =B49
B50: =Capacidades!M49 | M50: =B50
A51: =Capacidades!L50 | B51: =Capacidades!M50 | D51: =Organización_Modular!F14 -> 0 | E51: =Organización_Modular!G14 -> 0 | F51: =Organización_Modular!H14 -> 0 | G51: =Organización_Modular!I14 -> 0 | H51: =SUM(F51:G51) -> 0 | I51: =F51*16 -> 0 | J51: =G51*32 -> 0 | K51: =SUM(I51:J51) -> 0 | M51: =B51
B52: =Capacidades!M51 | M52: =B52
B53: =Capacidades!M52 | M53: =B53
B54: =Capacidades!M53 | M54: =B54
B55: =Capacidades!M54 | M55: =B55
B56: =Capacidades!M55 | M56: =B56
B57: =Capacidades!M56 | M57: =B57
B58: =Capacidades!M57 | M58: =B58
B59: =Capacidades!M58 | M59: =B59
B60: =Capacidades!M59 | M60: =B60
A61: =Capacidades!L60 | B61: =Capacidades!M60 | D61: =Organización_Modular!F15 -> 0 | E61: =Organización_Modular!G15 -> 0 | F61: =Organización_Modular!H15 -> 0 | G61: =Organización_Modular!I15 -> 0 | H61: =SUM(F61:G61) -> 0 | I61: =F61*16 -> 0 | J61: =G61*32 -> 0 | K61: =SUM(I61:J61) -> 0 | M61: =B61
B62: =Capacidades!M61 | M62: =B62
B63: =Capacidades!M62 | M63: =B63
B64: =Capacidades!M63 | M64: =B64
B65: =Capacidades!M64 | M65: =B65
B66: =Capacidades!M65 | M66: =B66
B67: =Capacidades!M66 | M67: =B67
B68: =Capacidades!M67 | M68: =B68
B69: =Capacidades!M68 | M69: =B69
B70: =Capacidades!M69 | M70: =B70
A71: =Capacidades!L70 | B71: =Capacidades!M70 | D71: =Organización_Modular!F16 -> 0 | E71: =Organización_Modular!G16 -> 0 | F71: =Organización_Modular!H16 -> 0 | G71: =Organización_Modular!I16 -> 0 | H71: =SUM(F71:G71) -> 0 | I71: =F71*16 -> 0 | J71: =G71*32 -> 0 | K71: =SUM(I71:J71) -> 0 | M71: =B71
B72: =Capacidades!M71 | M72: =B72
B73: =Capacidades!M72 | M73: =B73
B74: =Capacidades!M73 | M74: =B74
B75: =Capacidades!M74 | M75: =B75
B76: =Capacidades!M75 | M76: =B76
B77: =Capacidades!M76 | M77: =B77
B78: =Capacidades!M77 | M78: =B78
B79: =Capacidades!M78 | M79: =B79
B80: =Capacidades!M79 | M80: =B80
A81: =Capacidades!L80 | B81: =Capacidades!M80 | D81: =Organización_Modular!F17 -> 0 | E81: =Organización_Modular!G17 -> 0 | F81: =Organización_Modular!H17 -> 0 | G81: =Organización_Modular!I17 -> 0 | H81: =SUM(F81:G81) -> 0 | I81: =F81*16 -> 0 | J81: =G81*32 -> 0 | K81: =SUM(I81:J81) -> 0 | M81: =B81
B82: =Capacidades!M81 | M82: =B82
B83: =Capacidades!M82 | M83: =B83
B84: =Capacidades!M83 | M84: =B84
B85: =Capacidades!M84 | M85: =B85
B86: =Capacidades!M85 | M86: =B86
B87: =Capacidades!M86 | M87: =B87
B88: =Capacidades!M87 | M88: =B88
B89: =Capacidades!M88 | M89: =B89
B90: =Capacidades!M89 | M90: =B90
A91: =Capacidades!L90 | B91: =Capacidades!M90 | D91: =Organización_Modular!F18 -> 0 | E91: =Organización_Modular!G18 -> 0 | F91: =Organización_Modular!H18 -> 0 | G91: =Organización_Modular!I18 -> 0 | H91: =SUM(F91:G91) -> 0 | I91: =F91*16 -> 0 | J91: =G91*32 -> 0 | K91: =SUM(I91:J91) -> 0 | M91: =B91
B92: =Capacidades!M91 | M92: =B92
B93: =Capacidades!M92 | M93: =B93
B94: =Capacidades!M93 | M94: =B94
B95: =Capacidades!M94 | M95: =B95
B96: =Capacidades!M95 | M96: =B96
B97: =Capacidades!M96 | M97: =B97
B98: =Capacidades!M97 | M98: =B98
B99: =Capacidades!M98 | M99: =B99
B100: =Capacidades!M99 | M100: =B100
A101: =Capacidades!L100 | B101: =Capacidades!M100 | D101: =Organización_Modular!F19 -> 0 | E101: =Organización_Modular!G19 -> 0 | F101: =Organización_Modular!H19 -> 0 | G101: =Organización_Modular!I19 -> 0 | H101: =SUM(F101:G101) -> 0 | I101: =F101*16 -> 0 | J101: =G101*32 -> 0 | K101: =SUM(I101:J101) -> 0 | M101: =B101
B102: =Capacidades!M101 | M102: =B102
B103: =Capacidades!M102 | M103: =B103
B104: =Capacidades!M103 | M104: =B104
B105: =Capacidades!M104 | M105: =B105
B106: =Capacidades!M105 | M106: =B106
...

Sheet M2
A1: ='M1'!A1:L1 -> ORGANIZACIÓN DE LOS ELEMENTOS DEL MÓDULO
A3: DENOMINACIÓN DE LA INSTITUCIÓN | B3: =Perfil_Egreso!B3 -> CETPRO JUANJUI | F3: CÓDIGO MODULAR DEL CETPRO | I3: =Perfil_Egreso!E3 -> 0533836
A5: SECTOR ECONÓMICO | B5: =Perfil_Egreso!B5 -> INFORMACIÓN Y COMUNICACIONES | C5: FAMILIA PRODUCTIVA | D5: =Perfil_Egreso!D5 -> TECNOLOGÍAS DE LA INFORMACIÓN Y COMUNICACIONES - TICS | F5: ACTIVIDAD ECONÓMICA | I5: =Perfil_Egreso!B7 -> PROGRAMACIÓN INFORMÁTICA, CONSULTORÍA DE INFORMÁTICA Y ACTIVIDADES CONEXAS
A7: =Perfil_Egreso!A11 -> DENOMINACIÓN DEL PROGRAMA DE ESTUDIOS SEGÚN CNOF (según corresponda) | B7: =Perfil_Egreso!B11 -> REDES Y COMUNICACIONES | C7: CÓDIGO * | D7: =Perfil_Egreso!E11 -> J2662-2-001 | F7: =Perfil_Egreso!A9 -> DENOMINACIÓN VARIANTE | I7: =Perfil_Egreso!B9 -> 0
A9: =Perfil_Egreso!A13 -> FORMACIÓN** | B9: =Perfil_Egreso!B13 -> 0 | C9: N°. HORAS: | D9: =Itinerario!W17 -> 2112 | F9: N° CRÉDITOS: | I9: =Itinerario!T17 -> 80
A11: =Perfil_Egreso!C13 -> MODALIDAD DEL SERVICIO EDUCATIVO | B11: =Perfil_Egreso!D13 -> PRESENCIAL | F11: =Perfil_Egreso!A15 -> NIVEL FORMATIVO | I11: =Perfil_Egreso!B15 -> TÉCNICO
A13: UNIDAD DE COMPETENCIA DEL CATÁLOGO NACIONAL DE LA OFERTA FORMATIVA
A14: =Organización_Modular!C41 -> UC2: Ejecuta acciones de monitoreo y otras acciones operativas programadas, de acuerdo a las buenas prácticas de aseguramiento de operaciones del CPD (Centro de Procesamiento de Datos) y salvaguarda de la información de negocio
A15: DENOMINACIÓN DEL MÓDULO | B15: =Organización_Modular!A41 -> MÓDULO 2: INFRAESTRUCTURA TI
A16: CAPACIDADES TÉCNICAS O ESPECÍFICAS | B16: INDICADORES DE LOGRO DE LA CAPACIDAD | C16: CONTENIDOS | D16: UNIDAD DIDÁCTICA | E16: Periodo | F16: CRÉDITOS | H16: CRÉDITOS | I16: HORAS | K16: HORAS | L16: PERFIL DOCENTE | M16: Filtrar
F17: Teórico | G17: Práctica | I17: Teórico | J17: Práctica
A18: =Capacidades!L311 -> UC2 C1 Realizar el seguimiento de la infraestructua de TI de acuerdo a las buenas prácticas y normativa vigente. | B18: =Capacidades!M311 -> C1 I1 Identifica las incidencias y/o acciones operativas durante el monitoreo relacionadas a la infraestructura de TI. | C18: • Infraestructura de TI. • Hardware. • Redes inalámbricas. • Redes cableadas. • Telefonía. • Equipos básicos de cómputo. • Monitoreo de infraestructura de TI. • Acciónes operativas de monitoreo en el CPD. • Gestión de incidencias. | D18: =Organización_Modular!F41 -> Monitoreo de infraestructura de TI | E18: =Organización_Modular!G41 -> II | F18: =Organización_Modular!H41 -> 2 | G18: =Organización_Modular!I41 -> 2 | H18: =SUM(F18:G18) -> 4 | I18: =F18*16 -> 32 | J18: =G18*32 -> 64 | K18: =SUM(I18:J18) -> 96 | L18: PROFESIONAL EN COMPUTACION E INFORMATICA, TECNICO PROFESIONAL EN COMPUTACION E INFORMATICA, TECNICO EN OPEFRACION DE COMPUTADORAS - PROFESIONAL EN PEDAGOGIA | M18: =B18 -> C1 I1 Identifica las incidencias y/o acciones operativas durante el monitoreo relacionadas a la infraestructura de TI.
B19: =Capacidades!M312 -> C1 I2 Organiza los reportes de incidencias y/o acciones durante el monitoreo relacionadas a la infraestructura de TI. | C19: •Analisis de incidencias y/o acciones. •Buenas prácticas y control según COBIT e ITIL en la organización de reportes e incidencias. | M19: =B19 -> C1 I2 Organiza los reportes de incidencias y/o acciones durante el monitoreo relacionadas a la infraestructura de TI.
B20: =Capacidades!M313 -> C1 I3 Elabora un informe de incidencias y/o acciones de monitoreo teniendo en cuenta las estándares establecidos y las políticas de la organización | C20: •Buenas prácticas y control según COBIT e ITIL en la documentación e informes parciales relaciconados a las incidencias y/o acciones de monitoreo. | M20: =B20 -> C1 I3 Elabora un informe de incidencias y/o acciones de monitoreo teniendo en cuenta las estándares establecidos y las políticas de la organización
B21: =Capacidades!M314 | M21: =B21
B22: =Capacidades!M315 | M22: =B22
B23: =Capacidades!M316 | M23: =B23
B24: =Capacidades!M317 | M24: =B24
B25: =Capacidades!M318 | M25: =B25
B26: =Capacidades!M319 | M26: =B26
B27: =Capacidades!M320 | M27: =B27
A28: =Capacidades!L321 -> UC2 C2 Realizar el mantenimiento preventivo de la infraestructura de plataformas y servicios de TI teniendo en cuenta las especificaciones técnicas y políticas del servicio. | B28: =Capacidades!M321 -> C2 I1 Planifica el mantenimiento preventivo de la infraestructura de plataformas y servicios de TI teniendo en cuenta las especificaciones técnicas y políticas del servicio. | C28: •Arquitectura del hardware (equipos de escritorio, laptops, impresoras, telefonía, routers). •Conceptos básicos del mantenimiento preventivo de plataformas de TI. •Conceptos básicos del mantenimiento preventivo de plataformas servicios de TI. •Elaboración de planes de mantenimiento preventivo del area de TI. | D28: =Organización_Modular!F42 -> Mantenimiento preventivo de Tecnologías de la Información | E28: =Organización_Modular!G42 -> II | F28: =Organización_Modular!H42 -> 2 | G28: =Organización_Modular!I42 -> 2 | H28: =SUM(F28:G28) -> 4 | I28: =F28*16 -> 32 | J28: =G28*32 -> 64 | K28: =SUM(I28:J28) -> 96 | L28: PROFESIONAL EN COMPUTACION E INFORMATICA, TECNICO PROFESIONAL EN COMPUTACION E INFORMATICA, TECNICO EN OPEFRACION DE COMPUTADORAS - PROFESIONAL EN PEDAGOGIA | M28: =B28 -> C2 I1 Planifica el mantenimiento preventivo de la infraestructura de plataformas y servicios de TI teniendo en cuenta las especificaciones técnicas y políticas del servicio.
B29: =Capacidades!M322 -> C2 I2 Determina el inventario, la infraestructura de TI y herramientas necesarias teniendo en cuenta la continuidad de negocio y políticas de seguridad. | C29: •Componentes de la infraestructura de TI. (equipos de computo, impresoras, laptops, telefonía, routers, switchs, etc) •Maquinas virtuales, simuladores de red y simuladores de ensamblaje de pc para mantenimiento preventivo. •Herramientas necesarias para el mantenimiento preventivo del area de TI.
B30: =Capacidades!M323 -> C2 I3 Efectúa el mantenimiento preventivo de la infraestructura teniendo en cuenta la continuidad de negocio y políticas de seguridad. | C30: •Habilidades técnicas básicas mantenimiento preventivo de infraestructura de plataformas de TI. •Habilidades técnicas básicas de mantenimiento preventivo de redes de comunicación. •Manejo de herramientas para el mantenimiento preventivo básico de infraestructura de TI. •Buenas prácticas y control según COBIT e ITIL en la ejecución del mantenimiento preventivo | M30: =B30 -> C2 I3 Efectúa el mantenimiento preventivo de la infraestructura teniendo en cuenta la continuidad de negocio y políticas de seguridad.
B31: =Capacidades!M323 -> C2 I3 Efectúa el mantenimiento preventivo de la infraestructura teniendo en cuenta la continuidad de negocio y políticas de seguridad. | M31: =B31 -> C2 I3 Efectúa el mantenimiento preventivo de la infraestructura teniendo en cuenta la continuidad de negocio y políticas de seguridad.
B32: =Capacidades!M324 | M32: =B32
B33: =Capacidades!M325 | M33: =B33
B34: =Capacidades!M326 | M34: =B34
B35: =Capacidades!M327 | M35: =B35
B36: =Capacidades!M328 | M36: =B36
B37: =Capacidades!M329 | M37: =B37
B38: =Capacidades!M330 | M38: =B38
A39: =Capacidades!L331 -> UC2 C3 Realizar el mantenimiento correctivo de la infraestructura de plataformas y servicios de TI teniendo en cuenta las especificaciones técnicas y políticas del servicio. | B39: =Capacidades!M331 -> C3 I1 Diagnostica las incidencias y posible averias realacionada a la infraestructura de TI teniendo en cuenta los procedimientos establecidos y las buenas práctica | C39: •Infraestructura de TI (Arquitectura, componentes y funciones). •Maquinas virtuales, simuladores de red y simuladores de ensamblaje de pc para mantenimiento correctivo. •Herrramientas de monitoreo y supervision de infraesctructura de TI. | D39: =Organización_Modular!F43 -> Mantenimiento correctivo de Tecnologías de la Información | E39: =Organización_Modular!G43 -> II | F39: =Organización_Modular!H43 -> 2 | G39: =Organización_Modular!I43 -> 2 | H39: =SUM(F39:G39) -> 4 | I39: =F39*16 -> 32 | J39: =G39*32 -> 64 | K39: =SUM(I39:J39) -> 96 | M39: =B39 -> C3 I1 Diagnostica las incidencias y posible averias realacionada a la infraestructura de TI teniendo en cuenta los procedimientos establecidos y las buenas práctica
B40: =Capacidades!M332 -> C3 I2 Clasifica las incidencias y posible averias realacionada a la infraestructura de TI teniendo en cuenta los procedimientos establecidos y las buenas práctica | C40: •Análisis de datos e interpretación de incidencias de infraestructura de TI. •Planteamiento de hipótesis y causas en incidencias de infraestructura de TI. •Técnicas y herramientas de clasificación de incidencias.
B41: =Capacidades!M333 -> C3 I3 Ejecuta el mantenimiento correctivo de la infraestructura de plataformas y servicios de TI teniendo en cuenta los procedimientos establecidos y las buenas práctica | C41: •Habilidades técnicas básicas de ensamblaje de equipos informáticos. •Habilidades técnicas básicas de implementacion de redes de comunicación. •Manejo de herramientas para el mantenimiento correctivo básico de infraestructura de TI. •Buenas prácticas y control según COBIT e ITIL en la ejecución del mantenimiento correctivo | M41: =B41 -> C3 I3 Ejecuta el mantenimiento correctivo de la infraestructura de plataformas y servicios de TI teniendo en cuenta los procedimientos establecidos y las buenas práctica
M42: =B42 -> 0
B43: =Capacidades!M334 | M43: =B43
B44: =Capacidades!M335 | M44: =B44
B45: =Capacidades!M336 | M45: =B45
B46: =Capacidades!M337 | M46: =B46
B47: =Capacidades!M338 | M47: =B47
B48: =Capacidades!M339 | M48: =B48
B49: =Capacidades!M340 | M49: =B49
A50: =Capacidades!L341 -> UC2 C4 Reportar incidencias y/o acciones relacionadas a la infraestructura de sistemas de información | B50: =Capacidades!M341 -> C4I1 Evalua las incidencias presentadas durante el mantenimiento según los niveles de operación de los servicios de TI . | C50: •Infraestructura de TI (Arquitectura, componentes y funciones). •Herrramientas de monitoreo y supervision de infraesctructura de TI. | D50: =Organización_Modular!F44 -> Reporte de incidencia de Tecnología de la Información | E50: =Organización_Modular!G44 -> II | F50: =Organización_Modular!H44 -> 1 | G50: =Organización_Modular!I44 -> 1 | H50: =SUM(F50:G50) -> 2 | I50: =F50*16 -> 16 | J50: =G50*32 -> 32 | K50: =SUM(I50:J50) -> 48 | M50: =B50 -> C4I1 Evalua las incidencias presentadas durante el mantenimiento según los niveles de operación de los servicios de TI .
B51: =Capacidades!M342 -> C4I2 Elabora reportes de incidencias y/o acciones, según los niveles de operación de los servicios de TI . | C51: •Análisis de datos e interpretación de incidencias de infraestructura de TI. •Técnicas y herramientas de clasificación de incidencias. | M51: =B51 -> C4I2 Elabora reportes de incidencias y/o acciones, según los niveles de operación de los servicios de TI .
B52: =Capacidades!M343 -> C4I3 Reporta acciones ejecutadas y los eventos inesperados de manera programada, de acuerdo a la continuidad de negocio. | C52: •Manejo de herramientas para el mantenimiento correctivo básico de infraestructura de TI. •Buenas prácticas y control según COBIT e ITIL en la ejecución del mantenimiento correctivo | M52: =B52 -> C4I3 Reporta acciones ejecutadas y los eventos inesperados de manera programada, de acuerdo a la continuidad de negocio.
B53: =Capacidades!M344 | M53: =B53
B54: =Capacidades!M345 | M54: =B54
B55: =Capacidades!M346 | M55: =B55
B56: =Capacidades!M347 | M56: =B56
B57: =Capacidades!M348 | M57: =B57
B58: =Capacidades!M349 | M58: =B58
B59: =Capacidades!M350 | M59: =B59
A60: =Capacidades!L351 | B60: =Capacidades!M351 | D60: =Organización_Modular!F45 -> 0 | E60: =Organización_Modular!G45 -> 0 | F60: =Organización_Modular!H45 -> 0 | G60: =Organización_Modular!I45 -> 0 | H60: =SUM(F60:G60) -> 0 | I60: =F60*16 -> 0 | J60: =G60*32 -> 0 | K60: =SUM(I60:J60) -> 0 | M60: =B60
B61: =Capacidades!M352 | M61: =B61
B62: =Capacidades!M353 | M62: =B62
B63: =Capacidades!M354 | M63: =B63
B64: =Capacidades!M355 | M64: =B64
B65: =Capacidades!M356 | M65: =B65
B66: =Capacidades!M357 | M66: =B66
B67: =Capacidades!M358 | M67: =B67
B68: =Capacidades!M359 | M68: =B68
B69: =Capacidades!M360 | M69: =B69
A70: =Capacidades!L361 | B70: =Capacidades!M361 | D70: =Organización_Modular!F46 -> 0 | E70: =Organización_Modular!G46 -> 0 | F70: =Organización_Modular!H46 -> 0 | G70: =Organización_Modular!I46 -> 0 | H70: =SUM(F70:G70) -> 0 | I70: =F70*16 -> 0 | J70: =G70*32 -> 0 | K70: =SUM(I70:J70) -> 0 | M70: =B70
B71: =Capacidades!M362 | M71: =B71
B72: =Capacidades!M363 | M72: =B72
B73: =Capacidades!M364 | M73: =B73
B74: =Capacidades!M365 | M74: =B74
B75: =Capacidades!M366 | M75: =B75
B76: =Capacidades!M367 | M76: =B76
B77: =Capacidades!M368 | M77: =B77
B78: =Capacidades!M369 | M78: =B78
B79: =Capacidades!M370 | M79: =B79
A80: =Capacidades!L371 | B80: =Capacidades!M371 | D80: =Organización_Modular!F47 -> 0 | E80: =Organización_Modular!G47 -> 0 | F80: =Organización_Modular!H47 -> 0 | G80: =Organización_Modular!I47 -> 0 | H80: =SUM(F80:G80) -> 0 | I80: =F80*16 -> 0 | J80: =G80*32 -> 0 | K80: =SUM(I80:J80) -> 0 | M80: =B80
B81: =Capacidades!M372 | M81: =B81
B82: =Capacidades!M373 | M82: =B82
B83: =Capacidades!M374 | M83: =B83
B84: =Capacidades!M375 | M84: =B84
B85: =Capacidades!M376 | M85: =B85
B86: =Capacidades!M377 | M86: =B86
B87: =Capacidades!M378 | M87: =B87
B88: =Capacidades!M379 | M88: =B88
B89: =Capacidades!M380 | M89: =B89
A90: =Capacidades!L381 | B90: =Capacidades!M381 | D90: =Organización_Modular!F48 -> 0 | E90: =Organización_Modular!G48 -> 0 | F90: =Organización_Modular!H48 -> 0 | G90: =Organización_Modular!I48 -> 0 | H90: =SUM(F90:G90) -> 0 | I90: =F90*16 -> 0 | J90: =G90*32 -> 0 | K90: =SUM(I90:J90) -> 0 | M90: =B90
B91: =Capacidades!M382 | M91: =B91
B92: =Capacidades!M383 | M92: =B92
B93: =Capacidades!M384 | M93: =B93
B94: =Capacidades!M385 | M94: =B94
B95: =Capacidades!M386 | M95: =B95
B96: =Capacidades!M387 | M96: =B96
B97: =Capacidades!M388 | M97: =B97
B98: =Capacidades!M389 | M98: =B98
B99: =Capacidades!M390 | M99: =B99
A100: =Capacidades!L391 | B100: =Capacidades!M391 | D100: =Organización_Modular!F49 -> 0 | E100: =Organización_Modular!G49 -> 0 | F100: =Organización_Modular!H49 -> 0 | G100: =Organización_Modular!I49 -> 0 | H100: =SUM(F100:G100) -> 0 | I100: =F100*16 -> 0 | J100: =G100*32 -> 0 | K100: =SUM(I100:J100) -> 0 | M100: =B100
B101: =Capacidades!M392 | M101: =B101
B102: =Capacidades!M393 | M102: =B102
B103: =Capacidades!M394 | M103: =B103
B104: =Capacidades!M395 | M104: =B104
B105: =Capacidades!M396 | M105: =B105
B106: =Capacidades!M397 | M106: =B106
...

Sheet M3
A1: ='M2'!A1:L1 -> ORGANIZACIÓN DE LOS ELEMENTOS DEL MÓDULO
A3: DENOMINACIÓN DE LA INSTITUCIÓN | B3: =Perfil_Egreso!B3 -> CETPRO JUANJUI | F3: CÓDIGO MODULAR DEL CETPRO | I3: =Perfil_Egreso!E3 -> 0533836
A5: SECTOR ECONÓMICO | B5: =Perfil_Egreso!B5 -> INFORMACIÓN Y COMUNICACIONES | C5: FAMILIA PRODUCTIVA | D5: =Perfil_Egreso!D5 -> TECNOLOGÍAS DE LA INFORMACIÓN Y COMUNICACIONES - TICS | F5: ACTIVIDAD ECONÓMICA | I5: =Perfil_Egreso!B7 -> PROGRAMACIÓN INFORMÁTICA, CONSULTORÍA DE INFORMÁTICA Y ACTIVIDADES CONEXAS
A7: =Perfil_Egreso!A11 -> DENOMINACIÓN DEL PROGRAMA DE ESTUDIOS SEGÚN CNOF (según corresponda) | B7: =Perfil_Egreso!B11 -> REDES Y COMUNICACIONES | C7: CÓDIGO * | D7: =Perfil_Egreso!E11 -> J2662-2-001 | F7: =Perfil_Egreso!A9 -> DENOMINACIÓN VARIANTE | I7: =Perfil_Egreso!B9 -> 0
A9: =Perfil_Egreso!A13 -> FORMACIÓN** | B9: =Perfil_Egreso!B13 -> 0 | C9: N°. HORAS: | D9: =Itinerario!W17 -> 2112 | F9: N° CRÉDITOS: | I9: =Itinerario!T17 -> 80
A11: =Perfil_Egreso!C13 -> MODALIDAD DEL SERVICIO EDUCATIVO | B11: =Perfil_Egreso!D13 -> PRESENCIAL | F11: =Perfil_Egreso!A15 -> NIVEL FORMATIVO | I11: =Perfil_Egreso!B15 -> TÉCNICO
A13: UNIDAD DE COMPETENCIA DEL CATÁLOGO NACIONAL DE LA OFERTA FORMATIVA
A14: =Organización_Modular!C72 -> UC3: Realizar puesta en producción de sistemas de información o servicios de TI, de acuerdo a la planificación efectuada
A15: DENOMINACIÓN DEL MÓDULO | B15: =Organización_Modular!A72 -> MÓDULO 3: CONEXIÓN Y DISEÑO DE REDES
A16: CAPACIDADES TÉCNICAS O ESPECÍFICAS | B16: INDICADORES DE LOGRO DE LA CAPACIDAD | C16: CONTENIDOS | D16: UNIDAD DIDÁCTICA | E16: Periodo | F16: CRÉDITOS | H16: CRÉDITOS | I16: HORAS | K16: HORAS | L16: PERFIL DOCENTE | M16: Filtrar
F17: Teórico | G17: Práctica | I17: Teórico | J17: Práctica
A18: =Capacidades!L612 -> UC3 C1 Desarrollar las pruebas unitarias de acuerdo a la funcionalidad del software y aplicando buenas prácticas de TI | B18: =Capacidades!M612 -> C1 I1 Identifica los componentes del sistema de información a acuerdo ala arquitectura del sistema | C18: •Arquitecturas de sistemas de información. •Componentes de un sistema de información. •Conceptos básicos de lenguaje de prográmación. •Tipos de datos. (Programación) •Flujo de datos. (Programación) •Estructura de datos. (Programación) •Programación orientada a objetos (Polimorfismo, encapsulación, abstracción y herencia). •Frontend y Backend. •Base de datos. •Interfaz de usuario. •Motor de procesamiento. •Sistema de almacenamiento. •Ciclo de vida del software. | D18: =Organización_Modular!F72 -> Desarrollo de prubas unitarias | E18: =Organización_Modular!G72 -> III | F18: =Organización_Modular!H72 -> 2 | G18: =Organización_Modular!I72 -> 3 | H18: =SUM(F18:G18) -> 5 | I18: =F18*16 -> 32 | J18: =G18*32 -> 96 | K18: =SUM(I18:J18) -> 128 | L18: PROFESIONAL EN COMPUTACION E INFORMATICA, TECNICO PROFESIONAL EN COMPUTACION E INFORMATICA, TECNICO EN OPEFRACION DE COMPUTADORAS - PROFESIONAL EN PEDAGOGIA | M18: =B18 -> C1 I1 Identifica los componentes del sistema de información a acuerdo ala arquitectura del sistema
B19: =Capacidades!M613 -> C1 I2 Establece entorno de pruebas teniendo en cuenta los criterios de satisfaccion de funcionamento del sistema de información | C19: •Control de calidad de software. •Pruebas de software. •Tipos de pruebas. •Pruebas unitarias. •Criterios de satisfacción. •Requerimientos del sistema y del usuario. | M19: =B19 -> C1 I2 Establece entorno de pruebas teniendo en cuenta los criterios de satisfaccion de funcionamento del sistema de información
B20: =Capacidades!M614 -> C1 I3 Elabora el plan de pruebas teniendo en cuenta los criterios de satisfaccion de funcionamento del sistema de información | C20: •Diseño de pruebas unitarias. (documentación) •Casos de prueba. (documentación) •Herramientas de pruebas. (documentación) •Gestión documentaria (elaboración de plan de pruebas) | M20: =B20 -> C1 I3 Elabora el plan de pruebas teniendo en cuenta los criterios de satisfaccion de funcionamento del sistema de información
B21: =Capacidades!M615 -> C1 I4 Ejecuta el plan de pruebas teniendo en cuenta los criterios de satisfaccion de funcionamento del sistema de información | C21: •Manejo de herramientas y/o software para la ejecución de pruebas unitarias. •Comprobación de errores según los casos de prueba. •Informes de resutaldos de pruebas según criterios de satisfacción. | M21: =B21 -> C1 I4 Ejecuta el plan de pruebas teniendo en cuenta los criterios de satisfaccion de funcionamento del sistema de información
B22: =Capacidades!M616 | M22: =B22
B23: =Capacidades!M617 | M23: =B23
B24: =Capacidades!M618 | M24: =B24
B25: =Capacidades!M619 | M25: =B25
B26: =Capacidades!M620 | M26: =B26
B27: =Capacidades!M621 | M27: =B27
A28: =Capacidades!L622 -> UC3 C2 Implementar sistemas de información o servicios TI, de acuerdo a los requerimientos y aplicando buenas prácticas de TI. | B28: =Capacidades!M622 -> C2 I1 Instala el sistema de información o servicios de TI, de acuerdo con la arquitectura del sistema o servicio de TI, recomendaciones del fabricante y plan de implementación. | C28: •Lectura e interpretacion de planes de implementación de sistemas de información. •Lectura e interpretación de manuales y recomendacióndes del fabricante •Instalación y configuración de sistemas de información. | D28: =Organización_Modular!F73 -> Implementación de sistemas de información y servicios de TI | E28: =Organización_Modular!G73 -> III | F28: =Organización_Modular!H73 -> 2 | G28: =Organización_Modular!I73 -> 2 | H28: =SUM(F28:G28) -> 4 | I28: =F28*16 -> 32 | J28: =G28*32 -> 64 | K28: =SUM(I28:J28) -> 96 | L28: PROFESIONAL EN COMPUTACION E INFORMATICA, TECNICO PROFESIONAL EN COMPUTACION E INFORMATICA, TECNICO EN OPEFRACION DE COMPUTADORAS - PROFESIONAL EN PEDAGOGIA | M28: =B28 -> C2 I1 Instala el sistema de información o servicios de TI, de acuerdo con la arquitectura del sistema o servicio de TI, recomendaciones del fabricante y plan de implementación.
B29: =Capacidades!M623 -> C2 I2 Verifica el funcionamiento del sistema de información o servicios de TI de acuerdo con la arquitectura del sistema o servicio de TI, recomendaciones del fabricante y plan de implementación. | C29: •Seguimiento y comprobación de funcionalidad de sistemas de información. •Recomendaciónes de uso de sistemas de información según fabricante. | M29: =B29 -> C2 I2 Verifica el funcionamiento del sistema de información o servicios de TI de acuerdo con la arquitectura del sistema o servicio de TI, recomendaciones del fabricante y plan de implementación.
B30: =Capacidades!M624 -> C2 I3 Elabora un informe de la implementación del sistema de información o servicios de TI considerando las políticas de la organización | C30: •Gestion documentaria (elaboración de informes) relacionados a la implementación de sistemas de TI. | M30: =B30 -> C2 I3 Elabora un informe de la implementación del sistema de información o servicios de TI considerando las políticas de la organización
B31: =Capacidades!M625 | M31: =B31
B32: =Capacidades!M626 | M32: =B32
B33: =Capacidades!M627 | M33: =B33
B34: =Capacidades!M628 | M34: =B34
B35: =Capacidades!M629 | M35: =B35
B36: =Capacidades!M630 | M36: =B36
B37: =Capacidades!M631 | M37: =B37
A38: =Capacidades!L632 -> UC3 C3 Implementar acciones correctivas ante un mal funcionamiento del sistema de información o servicios de TI, de acuerdo con el diseño funcional del sistema o servicio de TI y buenas prácticas de TI. | B38: =Capacidades!M632 -> C3 I1 Idenfica la falla del sistema de información o servicios de TI considerando el diseño funcional del sistema de infomación o servicios de TI y aplicando buenas practicas de TI | C38: •Diseño funcional del sistema y/o servicios de TI. •Identificación de fallas de sistemas de información y/o servicios de TI. •Herramientas de monitoreo y detección de fallas de sistemas de información y/o servicios de TI. | D38: =Organización_Modular!F74 -> Acciones correctivas de sistemas de información y servicios de TI | E38: =Organización_Modular!G74 -> III | F38: =Organización_Modular!H74 -> 2 | G38: =Organización_Modular!I74 -> 3 | H38: =SUM(F38:G38) -> 5 | I38: =F38*16 -> 32 | J38: =G38*32 -> 96 | K38: =SUM(I38:J38) -> 128 | M38: =B38 -> C3 I1 Idenfica la falla del sistema de información o servicios de TI considerando el diseño funcional del sistema de infomación o servicios de TI y aplicando buenas practicas de TI
B39: =Capacidades!M633 -> C3 I2 Propone alternativas de solución ante un mal funcionamiento del sistema de información o servicios de TI considerando el diseño funcional del sistema de infomación o servicios de TI y aplicando buenas practicas de TI | C39: •Estrategias de solución de problemas de funcionamiento de sistemas de información. •Adecuación de estrategias de solucion al diseño funcional del sistema y/o servicio de TI. | M39: =B39 -> C3 I2 Propone alternativas de solución ante un mal funcionamiento del sistema de información o servicios de TI considerando el diseño funcional del sistema de infomación o servicios de TI y aplicando buenas practicas de TI
B40: =Capacidades!M634 -> C3 I3 Ejecuta las acciones correctivas en el sistema de información de información o servicios de TI considerando el diseño funcional del sistema de infomación o servicios de TI y aplicando buenas practicas de TI | C40: •Acciones correctivas básicas o de primer nivel en sistemas de información o serviciós de TI. •Herramientas para acciones correctivas básicas o de primer nivel en sistemas de información o serviciós de TI. | M40: =B40 -> C3 I3 Ejecuta las acciones correctivas en el sistema de información de información o servicios de TI considerando el diseño funcional del sistema de infomación o servicios de TI y aplicando buenas practicas de TI
B41: =Capacidades!M635 | M41: =B41
B42: =Capacidades!M636 | M42: =B42
B43: =Capacidades!M637 | M43: =B43
B44: =Capacidades!M638 | M44: =B44
B45: =Capacidades!M639 | M45: =B45
B46: =Capacidades!M640 | M46: =B46
B47: =Capacidades!M641 | M47: =B47
A48: =Capacidades!L642 | B48: =Capacidades!M642 | D48: =Organización_Modular!F75 -> 0 | E48: =Organización_Modular!G75 -> 0 | F48: =Organización_Modular!H75 -> 0 | G48: =Organización_Modular!I75 -> 0 | H48: =SUM(F48:G48) -> 0 | I48: =F48*16 -> 0 | J48: =G48*32 -> 0 | K48: =SUM(I48:J48) -> 0 | M48: =B48
B49: =Capacidades!M643 | M49: =B49
B50: =Capacidades!M644 | M50: =B50
B51: =Capacidades!M645 | M51: =B51
B52: =Capacidades!M646 | M52: =B52
B53: =Capacidades!M647 | M53: =B53
B54: =Capacidades!M648 | M54: =B54
B55: =Capacidades!M649 | M55: =B55
B56: =Capacidades!M650 | M56: =B56
B57: =Capacidades!M651 | M57: =B57
A58: =Capacidades!L652 | B58: =Capacidades!M652 | D58: =Organización_Modular!F76 -> 0 | E58: =Organización_Modular!G76 -> 0 | F58: =Organización_Modular!H76 -> 0 | G58: =Organización_Modular!I76 -> 0 | H58: =SUM(F58:G58) -> 0 | I58: =F58*16 -> 0 | J58: =G58*32 -> 0 | K58: =SUM(I58:J58) -> 0 | M58: =B58
B59: =Capacidades!M653 | M59: =B59
B60: =Capacidades!M654 | M60: =B60
B61: =Capacidades!M655 | M61: =B61
B62: =Capacidades!M656 | M62: =B62
B63: =Capacidades!M657 | M63: =B63
B64: =Capacidades!M658 | M64: =B64
B65: =Capacidades!M659 | M65: =B65
B66: =Capacidades!M660 | M66: =B66
B67: =Capacidades!M661 | M67: =B67
A68: =Capacidades!L662 | B68: =Capacidades!M662 | D68: =Organización_Modular!F77 -> 0 | E68: =Organización_Modular!G77 -> 0 | F68: =Organización_Modular!H77 -> 0 | G68: =Organización_Modular!I77 -> 0 | H68: =SUM(F68:G68) -> 0 | I68: =F68*16 -> 0 | J68: =G68*32 -> 0 | K68: =SUM(I68:J68) -> 0 | M68: =B68
B69: =Capacidades!M663 | M69: =B69
B70: =Capacidades!M664 | M70: =B70
B71: =Capacidades!M665 | M71: =B71
B72: =Capacidades!M666 | M72: =B72
B73: =Capacidades!M667 | M73: =B73
B74: =Capacidades!M668 | M74: =B74
B75: =Capacidades!M669 | M75: =B75
B76: =Capacidades!M670 | M76: =B76
B77: =Capacidades!M671 | M77: =B77
A78: =Capacidades!L672 | B78: =Capacidades!M672 | D78: =Organización_Modular!F78 -> 0 | E78: =Organización_Modular!G78 -> 0 | F78: =Organización_Modular!H78 -> 0 | G78: =Organización_Modular!I78 -> 0 | H78: =SUM(F78:G78) -> 0 | I78: =F78*16 -> 0 | J78: =G78*32 -> 0 | K78: =SUM(I78:J78) -> 0 | M78: =B78
B79: =Capacidades!M673 | M79: =B79
B80: =Capacidades!M674 | M80: =B80
B81: =Capacidades!M675 | M81: =B81
B82: =Capacidades!M676 | M82: =B82
B83: =Capacidades!M677 | M83: =B83
B84: =Capacidades!M678 | M84: =B84
B85: =Capacidades!M679 | M85: =B85
B86: =Capacidades!M680 | M86: =B86
B87: =Capacidades!M681 | M87: =B87
A88: =Capacidades!L682 | B88: =Capacidades!M682 | D88: =Organización_Modular!F79 -> 0 | E88: =Organización_Modular!G79 -> 0 | F88: =Organización_Modular!H79 -> 0 | G88: =Organización_Modular!I79 -> 0 | H88: =SUM(F88:G88) -> 0 | I88: =F88*16 -> 0 | J88: =G88*32 -> 0 | K88: =SUM(I88:J88) -> 0 | M88: =B88
B89: =Capacidades!M683 | M89: =B89
B90: =Capacidades!M684 | M90: =B90
B91: =Capacidades!M685 | M91: =B91
B92: =Capacidades!M686 | M92: =B92
B93: =Capacidades!M687 | M93: =B93
B94: =Capacidades!M688 | M94: =B94
B95: =Capacidades!M689 | M95: =B95
B96: =Capacidades!M690 | M96: =B96
B97: =Capacidades!M691 | M97: =B97
A98: =Capacidades!L692 | B98: =Capacidades!M692 | D98: =Organización_Modular!F80 -> 0 | E98: =Organización_Modular!G80 -> 0 | F98: =Organización_Modular!H80 -> 0 | G98: =Organización_Modular!I80 -> 0 | H98: =SUM(F98:G98) -> 0 | I98: =F98*16 -> 0 | J98: =G98*32 -> 0 | K98: =SUM(I98:J98) -> 0 | M98: =B98
B99: =Capacidades!M693 | M99: =B99
B100: =Capacidades!M694 | M100: =B100
B101: =Capacidades!M695 | M101: =B101
B102: =Capacidades!M696 | M102: =B102
B103: =Capacidades!M697 | M103: =B103
B104: =Capacidades!M698 | M104: =B104
B105: =Capacidades!M699 | M105: =B105
B106: =Capacidades!M700 | M106: =B106
...

Sheet M4
A1: ='M3'!A1:L1 -> ORGANIZACIÓN DE LOS ELEMENTOS DEL MÓDULO
A3: DENOMINACIÓN DE LA INSTITUCIÓN | B3: =Perfil_Egreso!B3 -> CETPRO JUANJUI | F3: CÓDIGO MODULAR DEL CETPRO | I3: =Perfil_Egreso!E3 -> 0533836
A5: SECTOR ECONÓMICO | B5: =Perfil_Egreso!B5 -> INFORMACIÓN Y COMUNICACIONES | C5: FAMILIA PRODUCTIVA | D5: =Perfil_Egreso!D5 -> TECNOLOGÍAS DE LA INFORMACIÓN Y COMUNICACIONES - TICS | F5: ACTIVIDAD ECONÓMICA | I5: =Perfil_Egreso!B7 -> PROGRAMACIÓN INFORMÁTICA, CONSULTORÍA DE INFORMÁTICA Y ACTIVIDADES CONEXAS
A7: =Perfil_Egreso!A11 -> DENOMINACIÓN DEL PROGRAMA DE ESTUDIOS SEGÚN CNOF (según corresponda) | B7: =Perfil_Egreso!B11 -> REDES Y COMUNICACIONES | C7: CÓDIGO * | D7: =Perfil_Egreso!E11 -> J2662-2-001 | F7: =Perfil_Egreso!A9 -> DENOMINACIÓN VARIANTE | I7: =Perfil_Egreso!B9 -> 0
A9: =Perfil_Egreso!A13 -> FORMACIÓN** | B9: =Perfil_Egreso!B13 -> 0 | C9: N°. HORAS: | D9: =Itinerario!W17 -> 2112 | F9: N° CRÉDITOS: | I9: =Itinerario!T17 -> 80
A11: =Perfil_Egreso!C13 -> MODALIDAD DEL SERVICIO EDUCATIVO | B11: =Perfil_Egreso!D13 -> PRESENCIAL | F11: =Perfil_Egreso!A15 -> NIVEL FORMATIVO | I11: =Perfil_Egreso!B15 -> TÉCNICO
A13: UNIDAD DE COMPETENCIA DEL CATÁLOGO NACIONAL DE LA OFERTA FORMATIVA
A14: =Organización_Modular!C103 -> UC4: Implementar y configurar las redes y servicios de comunicaciones efectuando las pruebas y certificaciones, de acuerdo con las necesidades del negocio, estándares internacionales de TI y políticas de seguridad de la organización.
A15: DENOMINACIÓN DEL MÓDULO | B15: =Organización_Modular!A103 -> MÓDULO IV: IMPLEMENTACIÓN Y CONFIGURACIÓN DE REDES DE SISTEMAS DE INFORMACION Y SERVICIOS TI
A16: CAPACIDADES TÉCNICAS O ESPECÍFICAS | B16: INDICADORES DE LOGRO DE LA CAPACIDAD | C16: CONTENIDOS | D16: UNIDAD DIDÁCTICA | E16: Periodo | F16: CRÉDITOS | H16: CRÉDITOS | I16: HORAS | K16: HORAS | L16: PERFIL DOCENTE | M16: Filtrar
F17: Teórico | G17: Práctica | I17: Teórico | J17: Práctica
A18: =Capacidades!L913 -> UC 4 C1 Instalar las redes y servicios de comunicaciones efectuando las pruebas y certificaciones, de acuerdo con las necesidades del negocio, estándares internacionales de TI y políticas de seguridad de la organización. | B18: =Capacidades!M913 -> C1 I1 Realiza la planificación de la instalación de las redes y servicios de comunicaciones considerando las necesidades del cliente, los recursos requeridos, estándares internacionales de TI y políticas de seguridad de la organización. | C18: Conceptos basicos de redes: Fundamentos Ethernet Fundamentos del Modelo OSI Fundamentos del Modelo TCP/IP *Gestión de recursos y dispositivos de infraestructura de redes *Estandares internacionales (IEEE, ISO/IEC 11801, ITU-T G.800, ITU-T G.800, ITU-T X.25, etc) *Estrategias de implementación de redes *Topologías *Redes WAN, WLAN, MAN, PAN *Protocolos (TCP/IP) *Análisis de necesidades del cliente | D18: =Organización_Modular!F103 -> Instalación de redes y comunicaciones | E18: =Organización_Modular!G103 -> IV | F18: =Organización_Modular!H103 -> 3 | G18: =Organización_Modular!I103 -> 1 | H18: =SUM(F18:G18) -> 4 | I18: =F18*16 -> 48 | J18: =G18*32 -> 32 | K18: =SUM(I18:J18) -> 80 | L18: PROFESIONAL EN COMPUTACION E INFORMATICA, TECNICO PROFESIONAL EN COMPUTACION E INFORMATICA, TECNICO EN OPEFRACION DE COMPUTADORAS - PROFESIONAL EN PEDAGOGIA | M18: =B18 -> C1 I1 Realiza la planificación de la instalación de las redes y servicios de comunicaciones considerando las necesidades del cliente, los recursos requeridos, estándares internacionales de TI y políticas de seguridad de la organización.
B19: =Capacidades!M914 -> C1 I2 Realiza la instalación de infraestuctura de red (redes inalámbricas, fibra óptica, cableado UTP) y servicios de comunicaciones de acuerdo con las necesidades del negocio, los estándares internacionales de TI y políticas de seguridad de la organización. | C19: *Transmision de datos *Modelo TCP/IP *Dispositivos de redes *Tipos de interfaz (LAN, VLAN, WAN, SAN, API, etc.) *Medios físicos e inalambricos (cable utp, coaxial, hfc, fibra optica, microondas, wifi, bluetoth, etc) *Herramientas para instalación (Crimpadora, pelacables, tester de cables, multimetro, cautin, etc) *Estándares internacionales para instalaciones básicas. | M19: =B19 -> C1 I2 Realiza la instalación de infraestuctura de red (redes inalámbricas, fibra óptica, cableado UTP) y servicios de comunicaciones de acuerdo con las necesidades del negocio, los estándares internacionales de TI y políticas de seguridad de la organización.
B20: =Capacidades!M915 -> C1 I3 Realiza pruebas o comprobación de las funcionalidades de la infraestructura de red y servicios de comunicación. de acuerdo con las necesidades del negocio, los estándares internacionales de TI y políticas de seguridad de la organización | C20: *pruebas de conectividad fisica *pruebas de conectividad lógica (software) *herramientas y tecnicas para pruebas de conectividad *pruebas de servicios de comunicación *comandos de conectividad por consola *pruebas de servicios, telefonía, mensajería, etc. | M20: =B20 -> C1 I3 Realiza pruebas o comprobación de las funcionalidades de la infraestructura de red y servicios de comunicación. de acuerdo con las necesidades del negocio, los estándares internacionales de TI y políticas de seguridad de la organización
B21: =Capacidades!M916 | M21: =B21
B22: =Capacidades!M917 | M22: =B22
B23: =Capacidades!M918 | M23: =B23
B24: =Capacidades!M919 | M24: =B24
B25: =Capacidades!M920 | M25: =B25
B26: =Capacidades!M921 | M26: =B26
B27: =Capacidades!M922 | M27: =B27
A28: =Capacidades!L923 -> UC4 C2 Ejecutar la configuración de la infraestructura de redes y telecomunicaciones de la empresa de acuerdo con la arquitectura e infraestructura de sistemas, requerimientos del negocio, estándares internacionales de TI y políticas de seguridad de la organización. | B28: =Capacidades!M923 -> C2 I1 Realiza la configuración básica para la funcionalidad de los dispositivos de la infraestructura de red. de acuerdo con la arquitectura e infraestructura de sistemas, requerimientos del negocio, estándares internacionales de TI y políticas de seguridad de la organización. | C28: *Configuración de dispositivos finales. (pc, laptop, servidor, tablet, impresora, telefono, etc) *Configuración básica de dispositivos intermedios. (Switches y routers) *Direccionamiento IPv4, IPv6 *DNS *Enrutamiento estático y dinamico (OSPF, EIGRP) *Frame Relay *Distribución de direcciones ip manuales. *Distribución de direcciones DHCP | D28: =Organización_Modular!F104 -> Configuración de redes y telecomunicaciones | E28: =Organización_Modular!G104 -> IV | F28: =Organización_Modular!H104 -> 2 | G28: =Organización_Modular!I104 -> 1 | H28: =SUM(F28:G28) -> 3 | I28: =F28*16 -> 32 | J28: =G28*32 -> 32 | K28: =SUM(I28:J28) -> 64 | L28: PROFESIONAL EN COMPUTACION E INFORMATICA, TECNICO PROFESIONAL EN COMPUTACION E INFORMATICA, TECNICO EN OPEFRACION DE COMPUTADORAS - PROFESIONAL EN PEDAGOGIA | M28: =B28 -> C2 I1 Realiza la configuración básica para la funcionalidad de los dispositivos de la infraestructura de red. de acuerdo con la arquitectura e infraestructura de sistemas, requerimientos del negocio, estándares internacionales de TI y políticas de seguridad de la organización.
B29: =Capacidades!M924 -> C2 I2 Implementa la administración de políticas de red y seguridad. de acuerdo con la arquitectura e infraestructura de sistemas, requerimientos del negocio, estándares internacionales de TI y políticas de seguridad de la organización. | C29: *Políticas de seguridad de la red *Dispositivos de seguridad básicos (firewall fisico y lógico) *Protección de dispositivos por contraseñas. *Gestión de contraseñas *Protocolos de encriptación SSL y TLS. *VPN *Gestión de accesos y permisos a sitios web via DNS y MAC *Seguridad en la red física *Seguridad en la red inalámbrica *Configuracion de sistemas de detección de intrusos (IDS) | M29: =B29 -> C2 I2 Implementa la administración de políticas de red y seguridad. de acuerdo con la arquitectura e infraestructura de sistemas, requerimientos del negocio, estándares internacionales de TI y políticas de seguridad de la organización.
B30: =Capacidades!M925 -> C2 I3 Verifica el correcto funcionamiento de la infraestructura de redes y telecomunicaciónes. de acuerdo con la arquitectura e infraestructura de sistemas, requerimientos del negocio, estándares internacionales de TI y políticas de seguridad de la organización. | C30: *Monitoreo de redes *Software de monitoreo de red (Wireshark, Nagios, SolarWinds ManageEngine OpManager, etc) *Monitoreo por comandos desde el terminal. *Herramientas físicas de testeo (tester de cables, multimetro, etc) *Resolución de problemas básicos de red (físicas e inalambricas). | M30: =B30 -> C2 I3 Verifica el correcto funcionamiento de la infraestructura de redes y telecomunicaciónes. de acuerdo con la arquitectura e infraestructura de sistemas, requerimientos del negocio, estándares internacionales de TI y políticas de seguridad de la organización.
B31: =Capacidades!M926 | M31: =B31
B32: =Capacidades!M927 | M32: =B32
B33: =Capacidades!M928 | M33: =B33
B34: =Capacidades!M929 | M34: =B34
B35: =Capacidades!M930 | M35: =B35
B36: =Capacidades!M931 | M36: =B36
B37: =Capacidades!M932 | M37: =B37
A38: =Capacidades!L933 -> UC4 C3 Realizar el mantenimiento preventivo y correctivo de las redes y comunicaciones de la organización de acuerdo con buenas prácticas de gestión de redes, recomendaciones del fabricantes, proveedores de servicios, capacity planning y gestión de riesgos. | B38: =Capacidades!M933 -> C3 I1 Realiza la planificación del mantenimiento preventivo de las redes y comunicaciones de la organización de acuerdo con buenas prácticas de gestión de redes, recomendaciones del fabricantes, proveedores de servicios, capacity planning y gestión de riesgos. | C38: *Planes de mantenimiento preventivo *Alcance y objetivos del plan *Análisis de requerimientos para el mantenimiento preventivo de las redes. *Continuidad del negocio *Políticas de la empresa *Copias de seguridad *Recursos Humanos y materiales *Cronograma de ejecución *Plan de gestión de riesgos *Matriz de análisis de riesgos | D38: =Organización_Modular!F105 -> Mantenimiento preventivo y correctivo de redes y comunicaciones | E38: =Organización_Modular!G105 -> IV | F38: =Organización_Modular!H105 -> 1 | G38: =Organización_Modular!I105 -> 2 | H38: =SUM(F38:G38) -> 3 | I38: =F38*16 -> 16 | J38: =G38*32 -> 64 | K38: =SUM(I38:J38) -> 80 | M38: =B38 -> C3 I1 Realiza la planificación del mantenimiento preventivo de las redes y comunicaciones de la organización de acuerdo con buenas prácticas de gestión de redes, recomendaciones del fabricantes, proveedores de servicios, capacity planning y gestión de riesgos.
B39: =Capacidades!M934 -> C3 I2 Ejecuta el mantenimiento preventivo de las redes y comunicaciones de la organización de acuerdo con buenas prácticas de gestión de redes, recomendaciones del fabricantes, proveedores de servicios, capacity planning y gestión de riesgos. | C39: *Monitoreo e inspección física *Monitoreo e inspección lógica (software) *Actualizaciones de software *Creacion de copias de seguridad (Backups) *Restauración por copias de seguridad *Detección de vulnerabilidades y riesgos. *Mitigación, aceptacion y eliminación de vulnerabilidades y riesgos. | M39: =B39 -> C3 I2 Ejecuta el mantenimiento preventivo de las redes y comunicaciones de la organización de acuerdo con buenas prácticas de gestión de redes, recomendaciones del fabricantes, proveedores de servicios, capacity planning y gestión de riesgos.
B40: =Capacidades!M935 -> C3 I3 Realiza la planificación del mantenimiento correctivo de las redes y comunicaciones de la organización de acuerdo con buenas prácticas de gestión de redes, recomendaciones del fabricantes, proveedores de servicios, capacity planning y gestión de riesgos. | C40: *Planes de mantenimiento correctivo *Atención de reportes e incidencias *Planes de contingencias para garantizar la continuidad del negocio. *Copias de seguridad *Recursos Humanos y materiales *Plan de gestión de riesgos *Matriz de análisis de riesgos | M40: =B40 -> C3 I3 Realiza la planificación del mantenimiento correctivo de las redes y comunicaciones de la organización de acuerdo con buenas prácticas de gestión de redes, recomendaciones del fabricantes, proveedores de servicios, capacity planning y gestión de riesgos.
B41: =Capacidades!M936 -> C3 I4 Ejecuta el mantenimiento correctivo de las redes y comunicaciones de la organización de acuerdo con buenas prácticas de gestión de redes, recomendaciones del fabricantes, proveedores de servicios, capacity planning y gestión de riesgos. | C41: *Monitoreo e inspección física *Monitoreo e inspección lógica (software) *Identificación de daños, fallas o ataques a la red. *Reparación de redes fisicas cableadas o dispositivos inalámbricos *Reseteo o reinicio de equipos intermedios (switches y routers) *Restauración de las configuraciónes de fábrica o la organización *Reasignación de direcciones ip *Gestión de garantias con proveedores *Reconfiguración o rediseño de la red. *Solucion de daños, fallas o ataques a la red. *Restauración por copias de seguridad *Detección de vulnerabilidades y riesgos. *Mitigación, aceptacion y eliminación de vulnerabilidades y riesgos. | L41: PROFESIONAL EN COMPUTACION E INFORMATICA, TECNICO PROFESIONAL EN COMPUTACION E INFORMATICA, TECNICO EN OPEFRACION DE COMPUTADORAS - PROFESIONAL EN PEDAGOGIA | M41: =B41 -> C3 I4 Ejecuta el mantenimiento correctivo de las redes y comunicaciones de la organización de acuerdo con buenas prácticas de gestión de redes, recomendaciones del fabricantes, proveedores de servicios, capacity planning y gestión de riesgos.
B42: =Capacidades!M937 -> C3 I5 Verifica el funcionamiento de las redes y comunicaciones de la organización despues de la ejecución del mantenimiento preventivo y correctivo de acuerdo con buenas prácticas de gestión de redes, recomendaciones del fabricantes, proveedores de servicios, capacity planning y gestión de riesgos. | C42: *Software de monitoreo de red(Wireshark, Nagios, SolarWinds ManageEngine OpManager, etc) *Pruebas de conectividad *Pruebas de rendimiento *Verificación de configuraciones | M42: =B42 -> C3 I5 Verifica el funcionamiento de las redes y comunicaciones de la organización despues de la ejecución del mantenimiento preventivo y correctivo de acuerdo con buenas prácticas de gestión de redes, recomendaciones del fabricantes, proveedores de servicios, capacity planning y gestión de riesgos.
B43: =Capacidades!M938 | M43: =B43
B44: =Capacidades!M939 | M44: =B44
B45: =Capacidades!M940 | M45: =B45
B46: =Capacidades!M941 | M46: =B46
B47: =Capacidades!M942 | M47: =B47
A48: =Capacidades!L943 -> UC4 C4 Reportar las acciones ejecutadas y las observaciones detectadas en el proceso de mantemiento de la infrestructura de red y comunicaciones, de acuerdo con el plan de actividades programadas, el historial de mantenimiento, gestión de riesgos y políticas de seguridad de la organización. | B48: =Capacidades!M943 -> C4 I1 Registra las incidencias o fallas de la red y comunicaciones tomando en cuenta la base de datos y el historial de mantenimiento, de acuerdo con buenas prácticas de gestión de redes. | C48: *Conceptos básicos de registros de incidencias y fallas *Herramientas y técnicas de registros de incidencias y fallas *Tipos de incidencias y fallas *Procedimientos de registros de incidencias y fallas | D48: =Organización_Modular!F106 -> Seguridad y control de riesgos | E48: =Organización_Modular!G106 -> IV | F48: =Organización_Modular!H106 -> 0 | G48: =Organización_Modular!I106 -> 1 | H48: =SUM(F48:G48) -> 1 | I48: =F48*16 -> 0 | J48: =G48*32 -> 32 | K48: =SUM(I48:J48) -> 32 | M48: =B48 -> C4 I1 Registra las incidencias o fallas de la red y comunicaciones tomando en cuenta la base de datos y el historial de mantenimiento, de acuerdo con buenas prácticas de gestión de redes.
B49: =Capacidades!M944 -> C4 I2 clasifica las incidencias o fallas de acuerdo a sus características técnicas y recurrencia. | C49: *Tipos de clasificación *Procedimientos para clasificación *Matrices de impacto | M49: =B49 -> C4 I2 clasifica las incidencias o fallas de acuerdo a sus características técnicas y recurrencia.
B50: =Capacidades!M945 -> C4 I3 Documenta el historial de mantenimiento y los cambios relevantes de la infraestructura y/o sistemas de la red de acuerdo con buenas prácticas de gestión de la configuración y políticas de la organización. | C50: *Conceptos básicos de documentación *Estructura documentaria *Historial de cambios y lecciones aprendidas | M50: =B50 -> C4 I3 Documenta el historial de mantenimiento y los cambios relevantes de la infraestructura y/o sistemas de la red de acuerdo con buenas prácticas de gestión de la configuración y políticas de la organización.
B51: =Capacidades!M946 -> C4 I4 Elabora el reporte o informe de las acciones ejecutadas y las observaciones detectadas en el proceso de mantemiento de la infrestructura de red y comunicaciones, de acuerdo con buenas prácticas de gestión de la configuración y políticas de la organización. | C51: *Conceptos para elaboración de reportes e informes *Objetivos y alcances de los reportes e informes * Estructura y formato de reportes e informes * Observaciones y recomendaciones | M51: =B51 -> C4 I4 Elabora el reporte o informe de las acciones ejecutadas y las observaciones detectadas en el proceso de mantemiento de la infrestructura de red y comunicaciones, de acuerdo con buenas prácticas de gestión de la configuración y políticas de la organización.
B52: =Capacidades!M947 | M52: =B52
B53: =Capacidades!M948 | M53: =B53
B54: =Capacidades!M949 | M54: =B54
B55: =Capacidades!M950 | M55: =B55
B56: =Capacidades!M951 | M56: =B56
B57: =Capacidades!M952 | M57: =B57
A58: =Capacidades!L953 | B58: =Capacidades!M953 | D58: =Organización_Modular!F107 -> 0 | E58: =Organización_Modular!G107 -> 0 | F58: =Organización_Modular!H107 -> 0 | G58: =Organización_Modular!I107 -> 0 | H58: =SUM(F58:G58) -> 0 | I58: =F58*16 -> 0 | J58: =G58*32 -> 0 | K58: =SUM(I58:J58) -> 0 | M58: =B58
B59: =Capacidades!M954 | M59: =B59
B60: =Capacidades!M955 | M60: =B60
B61: =Capacidades!M956 | M61: =B61
B62: =Capacidades!M957 | M62: =B62
B63: =Capacidades!M958 | M63: =B63
B64: =Capacidades!M959 | M64: =B64
B65: =Capacidades!M960 | M65: =B65
B66: =Capacidades!M961 | M66: =B66
B67: =Capacidades!M962 | M67: =B67
A68: =Capacidades!L963 | B68: =Capacidades!M963 | D68: =Organización_Modular!F108 -> 0 | E68: =Organización_Modular!G108 -> 0 | F68: =Organización_Modular!H108 -> 0 | G68: =Organización_Modular!I108 -> 0 | H68: =SUM(F68:G68) -> 0 | I68: =F68*16 -> 0 | J68: =G68*32 -> 0 | K68: =SUM(I68:J68) -> 0 | M68: =B68
B69: =Capacidades!M964 | M69: =B69
B70: =Capacidades!M965 | M70: =B70
B71: =Capacidades!M966 | M71: =B71
B72: =Capacidades!M967 | M72: =B72
B73: =Capacidades!M968 | M73: =B73
B74: =Capacidades!M969 | M74: =B74
B75: =Capacidades!M970 | M75: =B75
B76: =Capacidades!M971 | M76: =B76
B77: =Capacidades!M972 | M77: =B77
A78: =Capacidades!L973 | B78: =Capacidades!M973 | D78: =Organización_Modular!F109 -> 0 | E78: =Organización_Modular!G109 -> 0 | F78: =Organización_Modular!H109 -> 0 | G78: =Organización_Modular!I109 -> 0 | H78: =SUM(F78:G78) -> 0 | I78: =F78*16 -> 0 | J78: =G78*32 -> 0 | K78: =SUM(I78:J78) -> 0 | M78: =B78
B79: =Capacidades!M974 | M79: =B79
B80: =Capacidades!M975 | M80: =B80
B81: =Capacidades!M976 | M81: =B81
B82: =Capacidades!M977 | M82: =B82
B83: =Capacidades!M978 | M83: =B83
B84: =Capacidades!M979 | M84: =B84
B85: =Capacidades!M980 | M85: =B85
B86: =Capacidades!M981 | M86: =B86
B87: =Capacidades!M982 | M87: =B87
A88: =Capacidades!L983 | B88: =Capacidades!M983 | D88: =Organización_Modular!F110 -> 0 | E88: =Organización_Modular!G110 -> 0 | F88: =Organización_Modular!H110 -> 0 | G88: =Organización_Modular!I110 -> 0 | H88: =SUM(F88:G88) -> 0 | I88: =F88*16 -> 0 | J88: =G88*32 -> 0 | K88: =SUM(I88:J88) -> 0 | M88: =B88
B89: =Capacidades!M984 | M89: =B89
B90: =Capacidades!M985 | M90: =B90
B91: =Capacidades!M986 | M91: =B91
B92: =Capacidades!M987 | M92: =B92
B93: =Capacidades!M988 | M93: =B93
B94: =Capacidades!M989 | M94: =B94
B95: =Capacidades!M990 | M95: =B95
B96: =Capacidades!M991 | M96: =B96
B97: =Capacidades!M992 | M97: =B97
A98: =Capacidades!L993 | B98: =Capacidades!M993 | D98: =Organización_Modular!F111 -> 0 | E98: =Organización_Modular!G111 -> 0 | F98: =Organización_Modular!H111 -> 0 | G98: =Organización_Modular!I111 -> 0 | H98: =SUM(F98:G98) -> 0 | I98: =F98*16 -> 0 | J98: =G98*32 -> 0 | K98: =SUM(I98:J98) -> 0 | M98: =B98
B99: =Capacidades!M994 | M99: =B99
B100: =Capacidades!M995 | M100: =B100
B101: =Capacidades!M996 | M101: =B101
B102: =Capacidades!M997 | M102: =B102
B103: =Capacidades!M998 | M103: =B103
B104: =Capacidades!M999 | M104: =B104
B105: =Capacidades!M1000 | M105: =B105
B106: =Capacidades!M1001 | M106: =B106
...

Sheet M5
A1: ='M4'!A1:L1 -> ORGANIZACIÓN DE LOS ELEMENTOS DEL MÓDULO
A3: DENOMINACIÓN DE LA INSTITUCIÓN | B3: =Perfil_Egreso!B3 -> CETPRO JUANJUI | F3: CÓDIGO MODULAR DEL INSTITUTO | I3: =Perfil_Egreso!E3 -> 0533836
A5: SECTOR ECONÓMICO | B5: =Perfil_Egreso!B5 -> INFORMACIÓN Y COMUNICACIONES | C5: FAMILIA PRODUCTIVA | D5: =Perfil_Egreso!D5 -> TECNOLOGÍAS DE LA INFORMACIÓN Y COMUNICACIONES - TICS | F5: ACTIVIDAD ECONÓMICA | I5: =Perfil_Egreso!B7 -> PROGRAMACIÓN INFORMÁTICA, CONSULTORÍA DE INFORMÁTICA Y ACTIVIDADES CONEXAS
A7: =Perfil_Egreso!A11 -> DENOMINACIÓN DEL PROGRAMA DE ESTUDIOS SEGÚN CNOF (según corresponda) | B7: =Perfil_Egreso!B11 -> REDES Y COMUNICACIONES | C7: CÓDIGO * | D7: =Perfil_Egreso!E11 -> J2662-2-001 | F7: =Perfil_Egreso!A9 -> DENOMINACIÓN VARIANTE | I7: =Perfil_Egreso!B9 -> 0
A9: =Perfil_Egreso!A13 -> FORMACIÓN** | B9: =Perfil_Egreso!B13 -> 0 | C9: N°. HORAS: | D9: =Itinerario!W17 -> 2112 | F9: N° CRÉDITOS: | I9: =Itinerario!T17 -> 80
A11: =Perfil_Egreso!C13 -> MODALIDAD DEL SERVICIO EDUCATIVO | B11: =Perfil_Egreso!D13 -> PRESENCIAL | F11: =Perfil_Egreso!A15 -> NIVEL FORMATIVO | I11: =Perfil_Egreso!B15 -> TÉCNICO
A13: UNIDAD DE COMPETENCIA DEL CATÁLOGO NACIONAL DE LA OFERTA FORMATIVA
A14: =Organización_Modular!C134 -> 0
A15: DENOMINACIÓN DEL MÓDULO | B15: =Organización_Modular!A134 -> 0
A16: CAPACIDADES TÉCNICAS O ESPECÍFICAS | B16: INDICADORES DE LOGRO DE LA CAPACIDAD | C16: CONTENIDOS | D16: UNIDAD DIDÁCTICA | E16: Periodo | F16: CRÉDITOS | H16: CRÉDITOS | I16: HORAS | K16: HORAS | L16: PERFIL DOCENTE | M16: Filtrar
F17: Teórico | G17: Práctica | I17: Teórico | J17: Práctica
A18: =Capacidades!#REF! -> #REF! | B18: =Capacidades!#REF! -> #REF! | D18: =Organización_Modular!F134 -> 0 | E18: =Organización_Modular!G134 -> 0 | F18: =Organización_Modular!H134 -> 0 | G18: =Organización_Modular!I134 -> 0 | H18: =SUM(F18:G18) -> 0 | I18: =F18*16 -> 0 | J18: =G18*32 -> 0 | K18: =SUM(I18:J18) -> 0 | M18: =B18 -> #REF!
B19: =Capacidades!#REF! -> #REF! | M19: =B19 -> #REF!
B20: =Capacidades!#REF! -> #REF! | M20: =B20 -> #REF!
B21: =Capacidades!#REF! -> #REF! | M21: =B21 -> #REF!
B22: =Capacidades!#REF! -> #REF! | M22: =B22 -> #REF!
B23: =Capacidades!#REF! -> #REF! | M23: =B23 -> #REF!
B24: =Capacidades!#REF! -> #REF! | M24: =B24 -> #REF!
B25: =Capacidades!#REF! -> #REF! | M25: =B25 -> #REF!
B26: =Capacidades!#REF! -> #REF! | M26: =B26 -> #REF!
B27: =Capacidades!#REF! -> #REF! | M27: =B27 -> #REF!
A28: =Capacidades!#REF! -> #REF! | B28: =Capacidades!#REF! -> #REF! | D28: =Organización_Modular!F135 -> 0 | E28: =Organización_Modular!G135 -> 0 | F28: =Organización_Modular!H135 -> 0 | G28: =Organización_Modular!I135 -> 0 | H28: =SUM(F28:G28) -> 0 | I28: =F28*16 -> 0 | J28: =G28*32 -> 0 | K28: =SUM(I28:J28) -> 0 | M28: =B28 -> #REF!
B29: =Capacidades!#REF! -> #REF! | M29: =B29 -> #REF!
B30: =Capacidades!#REF! -> #REF! | M30: =B30 -> #REF!
B31: =Capacidades!#REF! -> #REF! | M31: =B31 -> #REF!
B32: =Capacidades!#REF! -> #REF! | M32: =B32 -> #REF!
B33: =Capacidades!#REF! -> #REF! | M33: =B33 -> #REF!
B34: =Capacidades!#REF! -> #REF! | M34: =B34 -> #REF!
B35: =Capacidades!#REF! -> #REF! | M35: =B35 -> #REF!
B36: =Capacidades!#REF! -> #REF! | M36: =B36 -> #REF!
B37: =Capacidades!#REF! -> #REF! | M37: =B37 -> #REF!
A38: =Capacidades!#REF! -> #REF! | B38: =Capacidades!#REF! -> #REF! | D38: =Organización_Modular!F136 -> 0 | E38: =Organización_Modular!G136 -> 0 | F38: =Organización_Modular!H136 -> 0 | G38: =Organización_Modular!I136 -> 0 | H38: =SUM(F38:G38) -> 0 | I38: =F38*16 -> 0 | J38: =G38*32 -> 0 | K38: =SUM(I38:J38) -> 0 | M38: =B38 -> #REF!
B39: =Capacidades!#REF! -> #REF! | M39: =B39 -> #REF!
B40: =Capacidades!#REF! -> #REF! | M40: =B40 -> #REF!
B41: =Capacidades!#REF! -> #REF! | M41: =B41 -> #REF!
B42: =Capacidades!#REF! -> #REF! | M42: =B42 -> #REF!
B43: =Capacidades!#REF! -> #REF! | M43: =B43 -> #REF!
B44: =Capacidades!#REF! -> #REF! | M44: =B44 -> #REF!
B45: =Capacidades!#REF! -> #REF! | M45: =B45 -> #REF!
B46: =Capacidades!#REF! -> #REF! | M46: =B46 -> #REF!
B47: =Capacidades!#REF! -> #REF! | M47: =B47 -> #REF!
A48: =Capacidades!#REF! -> #REF! | B48: =Capacidades!#REF! -> #REF! | D48: =Organización_Modular!F137 -> 0 | E48: =Organización_Modular!G137 -> 0 | F48: =Organización_Modular!H137 -> 0 | G48: =Organización_Modular!I137 -> 0 | H48: =SUM(F48:G48) -> 0 | I48: =F48*16 -> 0 | J48: =G48*32 -> 0 | K48: =SUM(I48:J48) -> 0 | M48: =B48 -> #REF!
B49: =Capacidades!#REF! -> #REF! | M49: =B49 -> #REF!
B50: =Capacidades!#REF! -> #REF! | M50: =B50 -> #REF!
B51: =Capacidades!#REF! -> #REF! | M51: =B51 -> #REF!
B52: =Capacidades!#REF! -> #REF! | M52: =B52 -> #REF!
B53: =Capacidades!#REF! -> #REF! | M53: =B53 -> #REF!
B54: =Capacidades!#REF! -> #REF! | M54: =B54 -> #REF!
B55: =Capacidades!#REF! -> #REF! | M55: =B55 -> #REF!
B56: =Capacidades!#REF! -> #REF! | M56: =B56 -> #REF!
B57: =Capacidades!#REF! -> #REF! | M57: =B57 -> #REF!
A58: =Capacidades!#REF! -> #REF! | B58: =Capacidades!#REF! -> #REF! | D58: =Organización_Modular!F138 -> 0 | E58: =Organización_Modular!G138 -> 0 | F58: =Organización_Modular!H138 -> 0 | G58: =Organización_Modular!I138 -> 0 | H58: =SUM(F58:G58) -> 0 | I58: =F58*16 -> 0 | J58: =G58*32 -> 0 | K58: =SUM(I58:J58) -> 0 | M58: =B58 -> #REF!
B59: =Capacidades!#REF! -> #REF! | M59: =B59 -> #REF!
B60: =Capacidades!#REF! -> #REF! | M60: =B60 -> #REF!
B61: =Capacidades!#REF! -> #REF! | M61: =B61 -> #REF!
B62: =Capacidades!#REF! -> #REF! | M62: =B62 -> #REF!
B63: =Capacidades!#REF! -> #REF! | M63: =B63 -> #REF!
B64: =Capacidades!#REF! -> #REF! | M64: =B64 -> #REF!
B65: =Capacidades!#REF! -> #REF! | M65: =B65 -> #REF!
B66: =Capacidades!#REF! -> #REF! | M66: =B66 -> #REF!
B67: =Capacidades!#REF! -> #REF! | M67: =B67 -> #REF!
A68: =Capacidades!#REF! -> #REF! | B68: =Capacidades!#REF! -> #REF! | D68: =Organización_Modular!F139 -> 0 | E68: =Organización_Modular!G139 -> 0 | F68: =Organización_Modular!H139 -> 0 | G68: =Organización_Modular!I139 -> 0 | H68: =SUM(F68:G68) -> 0 | I68: =F68*16 -> 0 | J68: =G68*32 -> 0 | K68: =SUM(I68:J68) -> 0 | M68: =B68 -> #REF!
B69: =Capacidades!#REF! -> #REF! | M69: =B69 -> #REF!
B70: =Capacidades!#REF! -> #REF! | M70: =B70 -> #REF!
B71: =Capacidades!#REF! -> #REF! | M71: =B71 -> #REF!
B72: =Capacidades!#REF! -> #REF! | M72: =B72 -> #REF!
B73: =Capacidades!#REF! -> #REF! | M73: =B73 -> #REF!
B74: =Capacidades!#REF! -> #REF! | M74: =B74 -> #REF!
B75: =Capacidades!#REF! -> #REF! | M75: =B75 -> #REF!
B76: =Capacidades!#REF! -> #REF! | M76: =B76 -> #REF!
B77: =Capacidades!#REF! -> #REF! | M77: =B77 -> #REF!
A78: =Capacidades!#REF! -> #REF! | B78: =Capacidades!#REF! -> #REF! | D78: =Organización_Modular!F140 -> 0 | E78: =Organización_Modular!G140 -> 0 | F78: =Organización_Modular!H140 -> 0 | G78: =Organización_Modular!I140 -> 0 | H78: =SUM(F78:G78) -> 0 | I78: =F78*16 -> 0 | J78: =G78*32 -> 0 | K78: =SUM(I78:J78) -> 0 | M78: =B78 -> #REF!
B79: =Capacidades!#REF! -> #REF! | M79: =B79 -> #REF!
B80: =Capacidades!#REF! -> #REF! | M80: =B80 -> #REF!
B81: =Capacidades!#REF! -> #REF! | M81: =B81 -> #REF!
B82: =Capacidades!#REF! -> #REF! | M82: =B82 -> #REF!
B83: =Capacidades!#REF! -> #REF! | M83: =B83 -> #REF!
B84: =Capacidades!#REF! -> #REF! | M84: =B84 -> #REF!
B85: =Capacidades!#REF! -> #REF! | M85: =B85 -> #REF!
B86: =Capacidades!#REF! -> #REF! | M86: =B86 -> #REF!
B87: =Capacidades!#REF! -> #REF! | M87: =B87 -> #REF!
A88: =Capacidades!#REF! -> #REF! | B88: =Capacidades!#REF! -> #REF! | D88: =Organización_Modular!F141 -> 0 | E88: =Organización_Modular!G141 -> 0 | F88: =Organización_Modular!H141 -> 0 | G88: =Organización_Modular!I141 -> 0 | H88: =SUM(F88:G88) -> 0 | I88: =F88*16 -> 0 | J88: =G88*32 -> 0 | K88: =SUM(I88:J88) -> 0 | M88: =B88 -> #REF!
B89: =Capacidades!#REF! -> #REF! | M89: =B89 -> #REF!
B90: =Capacidades!#REF! -> #REF! | M90: =B90 -> #REF!
B91: =Capacidades!#REF! -> #REF! | M91: =B91 -> #REF!
B92: =Capacidades!#REF! -> #REF! | M92: =B92 -> #REF!
B93: =Capacidades!#REF! -> #REF! | M93: =B93 -> #REF!
B94: =Capacidades!#REF! -> #REF! | M94: =B94 -> #REF!
B95: =Capacidades!#REF! -> #REF! | M95: =B95 -> #REF!
B96: =Capacidades!#REF! -> #REF! | M96: =B96 -> #REF!
B97: =Capacidades!#REF! -> #REF! | M97: =B97 -> #REF!
A98: =Capacidades!#REF! -> #REF! | B98: =Capacidades!#REF! -> #REF! | D98: =Organización_Modular!F142 -> 0 | E98: =Organización_Modular!G142 -> 0 | F98: =Organización_Modular!H142 -> 0 | G98: =Organización_Modular!I142 -> 0 | H98: =SUM(F98:G98) -> 0 | I98: =F98*16 -> 0 | J98: =G98*32 -> 0 | K98: =SUM(I98:J98) -> 0 | M98: =B98 -> #REF!
B99: =Capacidades!#REF! -> #REF! | M99: =B99 -> #REF!
B100: =Capacidades!#REF! -> #REF! | M100: =B100 -> #REF!
B101: =Capacidades!#REF! -> #REF! | M101: =B101 -> #REF!
B102: =Capacidades!#REF! -> #REF! | M102: =B102 -> #REF!
B103: =Capacidades!#REF! -> #REF! | M103: =B103 -> #REF!
B104: =Capacidades!#REF! -> #REF! | M104: =B104 -> #REF!
B105: =Capacidades!#REF! -> #REF! | M105: =B105 -> #REF!
B106: =Capacidades!#REF! -> #REF! | M106: =B106 -> #REF!
...

Sheet M6
A1: ='M5'!A1:L1 -> ORGANIZACIÓN DE LOS ELEMENTOS DEL MÓDULO
A3: DENOMINACIÓN DE LA INSTITUCIÓN | B3: =Perfil_Egreso!B3 -> CETPRO JUANJUI | F3: CÓDIGO MODULAR DEL INSTITUTO | I3: =Perfil_Egreso!E3 -> 0533836
A5: SECTOR ECONÓMICO | B5: =Perfil_Egreso!B5 -> INFORMACIÓN Y COMUNICACIONES | C5: FAMILIA PRODUCTIVA | D5: =Perfil_Egreso!D5 -> TECNOLOGÍAS DE LA INFORMACIÓN Y COMUNICACIONES - TICS | F5: ACTIVIDAD ECONÓMICA | I5: =Perfil_Egreso!B7 -> PROGRAMACIÓN INFORMÁTICA, CONSULTORÍA DE INFORMÁTICA Y ACTIVIDADES CONEXAS
A7: =Perfil_Egreso!A11 -> DENOMINACIÓN DEL PROGRAMA DE ESTUDIOS SEGÚN CNOF (según corresponda) | B7: =Perfil_Egreso!B11 -> REDES Y COMUNICACIONES | C7: CÓDIGO * | D7: =Perfil_Egreso!E11 -> J2662-2-001 | F7: =Perfil_Egreso!A9 -> DENOMINACIÓN VARIANTE | I7: =Perfil_Egreso!B9 -> 0
A9: =Perfil_Egreso!A13 -> FORMACIÓN** | B9: =Perfil_Egreso!B13 -> 0 | C9: N°. HORAS: | D9: =Itinerario!W17 -> 2112 | F9: N° CRÉDITOS: | I9: =Itinerario!T17 -> 80
A11: =Perfil_Egreso!C13 -> MODALIDAD DEL SERVICIO EDUCATIVO | B11: =Perfil_Egreso!D13 -> PRESENCIAL | F11: =Perfil_Egreso!A15 -> NIVEL FORMATIVO | I11: =Perfil_Egreso!B15 -> TÉCNICO
A13: UNIDAD DE COMPETENCIA DEL CATÁLOGO NACIONAL DE LA OFERTA FORMATIVA
A14: =Organización_Modular!C134 -> 0
A15: DENOMINACIÓN DEL MÓDULO | B15: =Organización_Modular!A165 -> 0
A16: CAPACIDADES TÉCNICAS O ESPECÍFICAS | B16: INDICADORES DE LOGRO DE LA CAPACIDAD | C16: CONTENIDOS | D16: UNIDAD DIDÁCTICA | E16: Periodo | F16: CRÉDITOS | H16: CRÉDITOS | I16: HORAS | K16: HORAS | L16: PERFIL DOCENTE | M16: Filtrar
F17: Teórico | G17: Práctica | I17: Teórico | J17: Práctica
A18: =Capacidades!#REF! -> #REF! | B18: =Capacidades!#REF! -> #REF! | D18: =Organización_Modular!F165 -> 0 | E18: =Organización_Modular!G165 -> 0 | F18: =Organización_Modular!H165 -> 0 | G18: =Organización_Modular!I165 -> 0 | H18: =SUM(F18:G18) -> 0 | I18: =F18*16 -> 0 | J18: =G18*32 -> 0 | K18: =SUM(I18:J18) -> 0 | M18: =B18 -> #REF!
B19: =Capacidades!#REF! -> #REF! | M19: =B19 -> #REF!
B20: =Capacidades!#REF! -> #REF! | M20: =B20 -> #REF!
B21: =Capacidades!#REF! -> #REF! | M21: =B21 -> #REF!
B22: =Capacidades!#REF! -> #REF! | M22: =B22 -> #REF!
B23: =Capacidades!#REF! -> #REF! | M23: =B23 -> #REF!
B24: =Capacidades!#REF! -> #REF! | M24: =B24 -> #REF!
B25: =Capacidades!#REF! -> #REF! | M25: =B25 -> #REF!
B26: =Capacidades!#REF! -> #REF! | M26: =B26 -> #REF!
B27: =Capacidades!#REF! -> #REF! | M27: =B27 -> #REF!
A28: =Capacidades!#REF! -> #REF! | B28: =Capacidades!#REF! -> #REF! | D28: =Organización_Modular!F166 -> 0 | E28: =Organización_Modular!G166 -> 0 | F28: =Organización_Modular!H166 -> 0 | G28: =Organización_Modular!I166 -> 0 | H28: =SUM(F28:G28) -> 0 | I28: =F28*16 -> 0 | J28: =G28*32 -> 0 | K28: =SUM(I28:J28) -> 0 | M28: =B28 -> #REF!
B29: =Capacidades!#REF! -> #REF! | M29: =B29 -> #REF!
B30: =Capacidades!#REF! -> #REF! | M30: =B30 -> #REF!
B31: =Capacidades!#REF! -> #REF! | M31: =B31 -> #REF!
B32: =Capacidades!#REF! -> #REF! | M32: =B32 -> #REF!
B33: =Capacidades!#REF! -> #REF! | M33: =B33 -> #REF!
B34: =Capacidades!#REF! -> #REF! | M34: =B34 -> #REF!
B35: =Capacidades!#REF! -> #REF! | M35: =B35 -> #REF!
B36: =Capacidades!#REF! -> #REF! | M36: =B36 -> #REF!
B37: =Capacidades!#REF! -> #REF! | M37: =B37 -> #REF!
A38: =Capacidades!#REF! -> #REF! | B38: =Capacidades!#REF! -> #REF! | D38: =Organización_Modular!F167 -> 0 | E38: =Organización_Modular!G167 -> 0 | F38: =Organización_Modular!H167 -> 0 | G38: =Organización_Modular!I167 -> 0 | H38: =SUM(F38:G38) -> 0 | I38: =F38*16 -> 0 | J38: =G38*32 -> 0 | K38: =SUM(I38:J38) -> 0 | M38: =B38 -> #REF!
B39: =Capacidades!#REF! -> #REF! | M39: =B39 -> #REF!
B40: =Capacidades!#REF! -> #REF! | M40: =B40 -> #REF!
B41: =Capacidades!#REF! -> #REF! | M41: =B41 -> #REF!
B42: =Capacidades!#REF! -> #REF! | M42: =B42 -> #REF!
B43: =Capacidades!#REF! -> #REF! | M43: =B43 -> #REF!
B44: =Capacidades!#REF! -> #REF! | M44: =B44 -> #REF!
B45: =Capacidades!#REF! -> #REF! | M45: =B45 -> #REF!
B46: =Capacidades!#REF! -> #REF! | M46: =B46 -> #REF!
B47: =Capacidades!#REF! -> #REF! | M47: =B47 -> #REF!
A48: =Capacidades!#REF! -> #REF! | B48: =Capacidades!#REF! -> #REF! | D48: =Organización_Modular!F168 -> 0 | E48: =Organización_Modular!G168 -> 0 | F48: =Organización_Modular!H168 -> 0 | G48: =Organización_Modular!I168 -> 0 | H48: =SUM(F48:G48) -> 0 | I48: =F48*16 -> 0 | J48: =G48*32 -> 0 | K48: =SUM(I48:J48) -> 0 | M48: =B48 -> #REF!
B49: =Capacidades!#REF! -> #REF! | M49: =B49 -> #REF!
B50: =Capacidades!#REF! -> #REF! | M50: =B50 -> #REF!
B51: =Capacidades!#REF! -> #REF! | M51: =B51 -> #REF!
B52: =Capacidades!#REF! -> #REF! | M52: =B52 -> #REF!
B53: =Capacidades!#REF! -> #REF! | M53: =B53 -> #REF!
B54: =Capacidades!#REF! -> #REF! | M54: =B54 -> #REF!
B55: =Capacidades!#REF! -> #REF! | M55: =B55 -> #REF!
B56: =Capacidades!#REF! -> #REF! | M56: =B56 -> #REF!
B57: =Capacidades!#REF! -> #REF! | M57: =B57 -> #REF!
A58: =Capacidades!#REF! -> #REF! | B58: =Capacidades!#REF! -> #REF! | D58: =Organización_Modular!F169 -> 0 | E58: =Organización_Modular!G169 -> 0 | F58: =Organización_Modular!H169 -> 0 | G58: =Organización_Modular!I169 -> 0 | H58: =SUM(F58:G58) -> 0 | I58: =F58*16 -> 0 | J58: =G58*32 -> 0 | K58: =SUM(I58:J58) -> 0 | M58: =B58 -> #REF!
B59: =Capacidades!#REF! -> #REF! | M59: =B59 -> #REF!
B60: =Capacidades!#REF! -> #REF! | M60: =B60 -> #REF!
B61: =Capacidades!#REF! -> #REF! | M61: =B61 -> #REF!
B62: =Capacidades!#REF! -> #REF! | M62: =B62 -> #REF!
B63: =Capacidades!#REF! -> #REF! | M63: =B63 -> #REF!
B64: =Capacidades!#REF! -> #REF! | M64: =B64 -> #REF!
B65: =Capacidades!#REF! -> #REF! | M65: =B65 -> #REF!
B66: =Capacidades!#REF! -> #REF! | M66: =B66 -> #REF!
B67: =Capacidades!#REF! -> #REF! | M67: =B67 -> #REF!
A68: =Capacidades!#REF! -> #REF! | B68: =Capacidades!#REF! -> #REF! | D68: =Organización_Modular!F170 -> 0 | E68: =Organización_Modular!G170 -> 0 | F68: =Organización_Modular!H170 -> 0 | G68: =Organización_Modular!I170 -> 0 | H68: =SUM(F68:G68) -> 0 | I68: =F68*16 -> 0 | J68: =G68*32 -> 0 | K68: =SUM(I68:J68) -> 0 | M68: =B68 -> #REF!
B69: =Capacidades!#REF! -> #REF! | M69: =B69 -> #REF!
B70: =Capacidades!#REF! -> #REF! | M70: =B70 -> #REF!
B71: =Capacidades!#REF! -> #REF! | M71: =B71 -> #REF!
B72: =Capacidades!#REF! -> #REF! | M72: =B72 -> #REF!
B73: =Capacidades!#REF! -> #REF! | M73: =B73 -> #REF!
B74: =Capacidades!#REF! -> #REF! | M74: =B74 -> #REF!
B75: =Capacidades!#REF! -> #REF! | M75: =B75 -> #REF!
B76: =Capacidades!#REF! -> #REF! | M76: =B76 -> #REF!
B77: =Capacidades!#REF! -> #REF! | M77: =B77 -> #REF!
A78: =Capacidades!#REF! -> #REF! | B78: =Capacidades!#REF! -> #REF! | D78: =Organización_Modular!F171 -> 0 | E78: =Organización_Modular!G171 -> 0 | F78: =Organización_Modular!H171 -> 0 | G78: =Organización_Modular!I171 -> 0 | H78: =SUM(F78:G78) -> 0 | I78: =F78*16 -> 0 | J78: =G78*32 -> 0 | K78: =SUM(I78:J78) -> 0 | M78: =B78 -> #REF!
B79: =Capacidades!#REF! -> #REF! | M79: =B79 -> #REF!
B80: =Capacidades!#REF! -> #REF! | M80: =B80 -> #REF!
B81: =Capacidades!#REF! -> #REF! | M81: =B81 -> #REF!
B82: =Capacidades!#REF! -> #REF! | M82: =B82 -> #REF!
B83: =Capacidades!#REF! -> #REF! | M83: =B83 -> #REF!
B84: =Capacidades!#REF! -> #REF! | M84: =B84 -> #REF!
B85: =Capacidades!#REF! -> #REF! | M85: =B85 -> #REF!
B86: =Capacidades!#REF! -> #REF! | M86: =B86 -> #REF!
B87: =Capacidades!#REF! -> #REF! | M87: =B87 -> #REF!
A88: =Capacidades!#REF! -> #REF! | B88: =Capacidades!#REF! -> #REF! | D88: =Organización_Modular!F172 -> 0 | E88: =Organización_Modular!G172 -> 0 | F88: =Organización_Modular!H172 -> 0 | G88: =Organización_Modular!I172 -> 0 | H88: =SUM(F88:G88) -> 0 | I88: =F88*16 -> 0 | J88: =G88*32 -> 0 | K88: =SUM(I88:J88) -> 0 | M88: =B88 -> #REF!
B89: =Capacidades!#REF! -> #REF! | M89: =B89 -> #REF!
B90: =Capacidades!#REF! -> #REF! | M90: =B90 -> #REF!
B91: =Capacidades!#REF! -> #REF! | M91: =B91 -> #REF!
B92: =Capacidades!#REF! -> #REF! | M92: =B92 -> #REF!
B93: =Capacidades!#REF! -> #REF! | M93: =B93 -> #REF!
B94: =Capacidades!#REF! -> #REF! | M94: =B94 -> #REF!
B95: =Capacidades!#REF! -> #REF! | M95: =B95 -> #REF!
B96: =Capacidades!#REF! -> #REF! | M96: =B96 -> #REF!
B97: =Capacidades!#REF! -> #REF! | M97: =B97 -> #REF!
A98: =Capacidades!#REF! -> #REF! | B98: =Capacidades!#REF! -> #REF! | D98: =Organización_Modular!F173 -> 0 | E98: =Organización_Modular!G173 -> 0 | F98: =Organización_Modular!H173 -> 0 | G98: =Organización_Modular!I173 -> 0 | H98: =SUM(F98:G98) -> 0 | I98: =F98*16 -> 0 | J98: =G98*32 -> 0 | K98: =SUM(I98:J98) -> 0 | M98: =B98 -> #REF!
B99: =Capacidades!#REF! -> #REF! | M99: =B99 -> #REF!
B100: =Capacidades!#REF! -> #REF! | M100: =B100 -> #REF!
B101: =Capacidades!#REF! -> #REF! | M101: =B101 -> #REF!
B102: =Capacidades!#REF! -> #REF! | M102: =B102 -> #REF!
B103: =Capacidades!#REF! -> #REF! | M103: =B103 -> #REF!
B104: =Capacidades!#REF! -> #REF! | M104: =B104 -> #REF!
B105: =Capacidades!#REF! -> #REF! | M105: =B105 -> #REF!
B106: =Capacidades!#REF! -> #REF! | M106: =B106 -> #REF!
...

Sheet Itinerario
A1: ANEXO Nº10A ITINERARIO FORMATIVO (PARA CICLOS FORMATIVOS: TÉCNICOS Y AUXILIAR TÉCNICO)
A3: DENOMINACIÓN DE LA INSTITUCIÓN EDUCATIVA | C3: =Perfil_Egreso!B3 -> CETPRO JUANJUI | L3: CÓDIGO MODULAR DE LA INSTITUCIÓN EDUCATIVA | S3: =Perfil_Egreso!E3 -> 0533836
A5: SECTOR ECONÓMICO | C5: =Perfil_Egreso!B5 -> INFORMACIÓN Y COMUNICACIONES | E5: FAMILIA PRODUCTIVA | G5: =Perfil_Egreso!D5 -> TECNOLOGÍAS DE LA INFORMACIÓN Y COMUNICACIONES - TICS | P5: ACTIVIDAD ECONÓMICA | T5: =Perfil_Egreso!B7 -> PROGRAMACIÓN INFORMÁTICA, CONSULTORÍA DE INFORMÁTICA Y ACTIVIDADES CONEXAS
A7: DENOMINACIÓN VARIANTE | C7: =Perfil_Egreso!B9 -> 0 | L7: DENOMINACIÓN DEL PROGRAMA DE ESTUDIOS SEGÚN CNOF (según corresponda) | S7: =Perfil_Egreso!B11 -> REDES Y COMUNICACIONES
A9: CÓDIGO DE SER EL CASO * | C9: =Perfil_Egreso!E11 -> J2662-2-001 | E9: NIVEL FORMATIVO | G9: =Perfil_Egreso!B15 -> TÉCNICO | M9: N° HORAS: | P9: =W17 -> 2112 | S9: N° CRÉDITOS: | U9: =T17 -> 80
A11: MODALIDAD DEL SERVICIO EDUCATIVO | C11: =Perfil_Egreso!D13 -> PRESENCIAL
A13: N° de créditos en forma virtual (**) | G13: COMPONENTES CURRICULARES | R13: Créd. T | S13: Créd. P | T13: Total créditos | U13: HT | V13: HP | W13: Total horas | Y13: Ayuda para verificar - f(x) criterios
G14: Competencias técnicas o específicas | R14: =SUM(R24:R43,R55:R74,R86:R105,R117:R136) -> 25 | S14: =SUM(S24:S43,S55:S74,S86:S105,S117:S136) -> 28 | T14: =SUM(R14:S14) -> 53 | U14: =R14*$S$19 -> 400 | V14: =S14*$U$19 -> 896 | W14: =SUM(U14:V14) -> 1296 | Y14: Total horas (UD) | AD14: =SUM(W14:W15) -> 1664
A15: % de créditos en forma virtual (**) | G15: Competencias para la empleabilidad | R15: =SUM(R44:R53,R75:R84,R106:R115,R137:R146,R168:R177,R199:R208) -> 3 | S15: =SUM(S44:S53,S75:S84,S106:S115,S137:S146,S168:S177,S199:S208) -> 10 | T15: =SUM(R15:S15) -> 13 | U15: =R15*$S$19 -> 48 | V15: =S15*$U$19 -> 320 | W15: =SUM(U15:V15) -> 368 | Y15: c | Z15: h | AA15: c | AB15: h | AC15: c | AD15: h | AE15: c | AF15: h | AG15: c | AH15: h | AI15: c | AJ15: h
G16: EFSRT | S16: =SUM(S54,S85,S116,S147) -> 14 | T16: =SUM(R16:S16) -> 14 | V16: =S16*$U$19 -> 448 | W16: =SUM(U16:V16) -> 448 | Y16: I | Z16: I | AA16: II | AB16: II | AC16: III | AD16: III | AE16: IV | AF16: IV | AG16: V | AH16: V | AI16: VI | AJ16: VI
A17: % de créditos prácticos respecto del total de créditos: | C17: =$S$17/$T$17 -> 0.65 | G17: TOTALES | R17: =SUM(R14:R16) -> 28 | S17: =SUM(S14:S16) -> 52 | T17: =SUM(T14:T16) -> 80 | U17: =SUM(U14:U16) -> 448 | V17: =SUM(V14:V16) -> 1664 | W17: =SUM(U17:V17) -> 2112 | Y17: =SUM(F24:F53,F55:F84,F86:F115,F117:F146,F148:F177,F179:F208,S54) -> 20 | Z17: =SUM(G24:G53,G55:G84,G86:G115,G117:G146,G148:G177,G179:G208,V54) -> 528 | AA17: =SUM(H24:H53,H55:H84,H86:H115,H117:H146,H148:H177,H179:H208,T85) -> 20 | AB17: =SUM(I24:I53,I55:I84,I86:I115,I117:I146,I148:I177,I179:I208,V85) -> 528 | AC17: =SUM(J24:J53,J55:J84,J86:J115,J117:J146,J148:J177,J179:J208,S116) -> 20 | AD17: =SUM(K24:K53,K55:K84,K86:K115,K117:K146,K148:K177,K179:K208,V116) -> 528 | AE17: =SUM(L24:L53,L55:L84,L86:L115,L117:L146,L148:L177,L179:L208,S147) -> 20 | AF17: =SUM(M24:M53,M55:M84,M86:M115,M117:M146,M148:M177,M179:M208,V147) -> 528 | AG17: =SUM(N24:N53,N55:N84,N86:N115,N117:N146,N148:N177,N179:N208) -> 0 | AH17: =SUM(O24:O53,O55:O84,O86:O115,O117:O146,O148:O177,O179:O208) -> 0 | AI17: =SUM(P24:P53,P55:P84,P86:P115,P117:P146,P148:P177,P179:P208) -> 0 | AJ17: =SUM(Q24:Q53,Q55:Q84,Q86:Q115,Q117:Q146,Q148:Q177,Q179:Q208) -> 0
G19: Equivalencia de un (1) crédito:(4) | R19: HT | S19: 16 | T19: HP | U19: 32
AB20: Créditos:
A21: MÓDULO | B21: DESCRIPCION DE LA COMPETENCIA | D21: UNIDAD DIDÁCTICA | F21: Periodos Académicos (créditos y horas) | R21: Créditos Académicos | U21: Horas | X21: Filtro | AB21: Fuera del rango
F22: I(c) | G22: I(h) | H22: II (c) | I22: II (h) | J22: III (c) | K22: III (h) | L22: IV (c) | M22: IV (h) | N22: V (c) | O22: V (h) | P22: VI (c) | Q22: VI (h) | R22: Teóricos | S22: Prácticos | T22: Total | U22: De teoría | V22: Prácticas | W22: Total | X22: =W22 -> Total | AB22: Dentro del límite permitido
F23: I | G23: I | H23: II | I23: II | J23: III | K23: III | L23: IV | M23: IV | N23: V | O23: V | P23: VI | Q23: VI | W23: 0 | X23: =W23 -> 0
A24: =Organización_Modular!A10 -> MÓDULO 1: GESTION DE SERVICIOS TECNOLOGICOS | B24: =Organización_Modular!B10 -> Competencias técnicas (Unidad de competencia) | C24: =Organización_Modular!C10 -> UC1: Atender requerimientos, incidentes y problemas de primer nivel, asimismo brindar asistencia a nivel operativo y funcional en la etapa de puesta en marcha de los sistemas o servicios de TI, según los procedimientos internos de atención, diseño del sistema o servicios, plan de implantación y buenas prácticas. | D24: =Organización_Modular!F10 -> Análisis de requerimientos de Tecnología de la Información. | F24: =_xlfn.IFNA(IF(VLOOKUP($D24,Organización_Modular!$F$10:$G$195,2,FALSE)=F$23,Itinerario!T24," ")," ") -> 5 | G24: =_xlfn.IFNA(IF(VLOOKUP($D24,Organización_Modular!$F$10:$G$195,2,FALSE)=G$23,Itinerario!W24," ")," ") -> 128 | H24: =_xlfn.IFNA(IF(VLOOKUP($D24,Organización_Modular!$F$10:$G$195,2,FALSE)=H$23,Itinerario!T24," ")," ") | I24: =_xlfn.IFNA(IF(VLOOKUP($D24,Organización_Modular!$F$10:$G$195,2,FALSE)=I$23,Itinerario!W24," ")," ") | J24: =_xlfn.IFNA(IF(VLOOKUP($D24,Organización_Modular!$F$10:$G$195,2,FALSE)=J$23,Itinerario!T24," ")," ") | K24: =_xlfn.IFNA(IF(VLOOKUP($D24,Organización_Modular!$F$10:$G$195,2,FALSE)=K$23,Itinerario!W24," ")," ") | L24: =_xlfn.IFNA(IF(VLOOKUP($D24,Organización_Modular!$F$10:$G$195,2,FALSE)=L$23,Itinerario!T24," ")," ") | M24: =_xlfn.IFNA(IF(VLOOKUP($D24,Organización_Modular!$F$10:$G$195,2,FALSE)=M$23,Itinerario!W24," ")," ") | N24: =_xlfn.IFNA(IF(VLOOKUP($D24,Organización_Modular!$F$10:$G$195,2,FALSE)=N$23,Itinerario!T24," ")," ") | O24: =_xlfn.IFNA(IF(VLOOKUP($D24,Organización_Modular!$F$10:$G$195,2,FALSE)=O$23,Itinerario!W24," ")," ") | P24: =_xlfn.IFNA(IF(VLOOKUP($D24,Organización_Modular!$F$10:$G$195,2,FALSE)=P$23,Itinerario!T24," ")," ") | Q24: =_xlfn.IFNA(IF(VLOOKUP($D24,Organización_Modular!$F$10:$G$195,2,FALSE)=Q$23,Itinerario!W24," ")," ") | R24: =Organización_Modular!H10 -> 2 | S24: =Organización_Modular!I10 -> 3 | T24: =SUM(R24:S24) -> 5 | U24: =+R24*$S$19 -> 32 | V24: =+S24*$U$19 -> 96 | W24: =SUM(U24:V24) -> 128 | X24: =W24 -> 128 | AB24: Dentro del rango
D25: =Organización_Modular!F11 -> Atención de incidencias del sistema de infomación | F25: =_xlfn.IFNA(IF(VLOOKUP($D25,Organización_Modular!$F$10:$G$195,2,FALSE)=F$23,Itinerario!T25," ")," ") -> 5 | G25: =_xlfn.IFNA(IF(VLOOKUP($D25,Organización_Modular!$F$10:$G$195,2,FALSE)=G$23,Itinerario!W25," ")," ") -> 128 | H25: =_xlfn.IFNA(IF(VLOOKUP($D25,Organización_Modular!$F$10:$G$195,2,FALSE)=H$23,Itinerario!T25," ")," ") | I25: =_xlfn.IFNA(IF(VLOOKUP($D25,Organización_Modular!$F$10:$G$195,2,FALSE)=I$23,Itinerario!W25," ")," ") | J25: =_xlfn.IFNA(IF(VLOOKUP($D25,Organización_Modular!$F$10:$G$195,2,FALSE)=J$23,Itinerario!T25," ")," ") | K25: =_xlfn.IFNA(IF(VLOOKUP($D25,Organización_Modular!$F$10:$G$195,2,FALSE)=K$23,Itinerario!W25," ")," ") | L25: =_xlfn.IFNA(IF(VLOOKUP($D25,Organización_Modular!$F$10:$G$195,2,FALSE)=L$23,Itinerario!T25," ")," ") | M25: =_xlfn.IFNA(IF(VLOOKUP($D25,Organización_Modular!$F$10:$G$195,2,FALSE)=M$23,Itinerario!W25," ")," ") | N25: =_xlfn.IFNA(IF(VLOOKUP($D25,Organización_Modular!$F$10:$G$195,2,FALSE)=N$23,Itinerario!T25," ")," ") | O25: =_xlfn.IFNA(IF(VLOOKUP($D25,Organización_Modular!$F$10:$G$195,2,FALSE)=O$23,Itinerario!W25," ")," ") | P25: =_xlfn.IFNA(IF(VLOOKUP($D25,Organización_Modular!$F$10:$G$195,2,FALSE)=P$23,Itinerario!T25," ")," ") | Q25: =_xlfn.IFNA(IF(VLOOKUP($D25,Organización_Modular!$F$10:$G$195,2,FALSE)=Q$23,Itinerario!W25," ")," ") | R25: =Organización_Modular!H11 -> 2 | S25: =Organización_Modular!I11 -> 3 | T25: =SUM(R25:S25) -> 5 | U25: =+R25*$S$19 -> 32 | V25: =+S25*$U$19 -> 96 | W25: =SUM(U25:V25) -> 128 | X25: =W25 -> 128
D26: =Organización_Modular!F12 -> Reporte de incidencia del sistema de información | F26: =_xlfn.IFNA(IF(VLOOKUP($D26,Organización_Modular!$F$10:$G$195,2,FALSE)=F$23,Itinerario!T26," ")," ") -> 4 | G26: =_xlfn.IFNA(IF(VLOOKUP($D26,Organización_Modular!$F$10:$G$195,2,FALSE)=G$23,Itinerario!W26," ")," ") -> 96 | H26: =_xlfn.IFNA(IF(VLOOKUP($D26,Organización_Modular!$F$10:$G$195,2,FALSE)=H$23,Itinerario!T26," ")," ") | I26: =_xlfn.IFNA(IF(VLOOKUP($D26,Organización_Modular!$F$10:$G$195,2,FALSE)=I$23,Itinerario!W26," ")," ") | J26: =_xlfn.IFNA(IF(VLOOKUP($D26,Organización_Modular!$F$10:$G$195,2,FALSE)=J$23,Itinerario!T26," ")," ") | K26: =_xlfn.IFNA(IF(VLOOKUP($D26,Organización_Modular!$F$10:$G$195,2,FALSE)=K$23,Itinerario!W26," ")," ") | L26: =_xlfn.IFNA(IF(VLOOKUP($D26,Organización_Modular!$F$10:$G$195,2,FALSE)=L$23,Itinerario!T26," ")," ") | M26: =_xlfn.IFNA(IF(VLOOKUP($D26,Organización_Modular!$F$10:$G$195,2,FALSE)=M$23,Itinerario!W26," ")," ") | N26: =_xlfn.IFNA(IF(VLOOKUP($D26,Organización_Modular!$F$10:$G$195,2,FALSE)=N$23,Itinerario!T26," ")," ") | O26: =_xlfn.IFNA(IF(VLOOKUP($D26,Organización_Modular!$F$10:$G$195,2,FALSE)=O$23,Itinerario!W26," ")," ") | P26: =_xlfn.IFNA(IF(VLOOKUP($D26,Organización_Modular!$F$10:$G$195,2,FALSE)=P$23,Itinerario!T26," ")," ") | Q26: =_xlfn.IFNA(IF(VLOOKUP($D26,Organización_Modular!$F$10:$G$195,2,FALSE)=Q$23,Itinerario!W26," ")," ") | R26: =Organización_Modular!H12 -> 2 | S26: =Organización_Modular!I12 -> 2 | T26: =SUM(R26:S26) -> 4 | U26: =+R26*$S$19 -> 32 | V26: =+S26*$U$19 -> 64 | W26: =SUM(U26:V26) -> 96 | X26: =W26 -> 96
D27: =Organización_Modular!F13 -> 0 | F27: =_xlfn.IFNA(IF(VLOOKUP($D27,Organización_Modular!$F$10:$G$195,2,FALSE)=F$23,Itinerario!T27," ")," ") | G27: =_xlfn.IFNA(IF(VLOOKUP($D27,Organización_Modular!$F$10:$G$195,2,FALSE)=G$23,Itinerario!W27," ")," ") | H27: =_xlfn.IFNA(IF(VLOOKUP($D27,Organización_Modular!$F$10:$G$195,2,FALSE)=H$23,Itinerario!T27," ")," ") | I27: =_xlfn.IFNA(IF(VLOOKUP($D27,Organización_Modular!$F$10:$G$195,2,FALSE)=I$23,Itinerario!W27," ")," ") | J27: =_xlfn.IFNA(IF(VLOOKUP($D27,Organización_Modular!$F$10:$G$195,2,FALSE)=J$23,Itinerario!T27," ")," ") | K27: =_xlfn.IFNA(IF(VLOOKUP($D27,Organización_Modular!$F$10:$G$195,2,FALSE)=K$23,Itinerario!W27," ")," ") | L27: =_xlfn.IFNA(IF(VLOOKUP($D27,Organización_Modular!$F$10:$G$195,2,FALSE)=L$23,Itinerario!T27," ")," ") | M27: =_xlfn.IFNA(IF(VLOOKUP($D27,Organización_Modular!$F$10:$G$195,2,FALSE)=M$23,Itinerario!W27," ")," ") | N27: =_xlfn.IFNA(IF(VLOOKUP($D27,Organización_Modular!$F$10:$G$195,2,FALSE)=N$23,Itinerario!T27," ")," ") | O27: =_xlfn.IFNA(IF(VLOOKUP($D27,Organización_Modular!$F$10:$G$195,2,FALSE)=O$23,Itinerario!W27," ")," ") | P27: =_xlfn.IFNA(IF(VLOOKUP($D27,Organización_Modular!$F$10:$G$195,2,FALSE)=P$23,Itinerario!T27," ")," ") | Q27: =_xlfn.IFNA(IF(VLOOKUP($D27,Organización_Modular!$F$10:$G$195,2,FALSE)=Q$23,Itinerario!W27," ")," ") | R27: =Organización_Modular!H13 -> 0 | S27: =Organización_Modular!I13 -> 0 | T27: =SUM(R27:S27) -> 0 | U27: =+R27*$S$19 -> 0 | V27: =+S27*$U$19 -> 0 | W27: =SUM(U27:V27) -> 0 | X27: =W27 -> 0
D28: =Organización_Modular!F14 -> 0 | F28: =_xlfn.IFNA(IF(VLOOKUP($D28,Organización_Modular!$F$10:$G$195,2,FALSE)=F$23,Itinerario!T28," ")," ") | G28: =_xlfn.IFNA(IF(VLOOKUP($D28,Organización_Modular!$F$10:$G$195,2,FALSE)=G$23,Itinerario!W28," ")," ") | H28: =_xlfn.IFNA(IF(VLOOKUP($D28,Organización_Modular!$F$10:$G$195,2,FALSE)=H$23,Itinerario!T28," ")," ") | I28: =_xlfn.IFNA(IF(VLOOKUP($D28,Organización_Modular!$F$10:$G$195,2,FALSE)=I$23,Itinerario!W28," ")," ") | J28: =_xlfn.IFNA(IF(VLOOKUP($D28,Organización_Modular!$F$10:$G$195,2,FALSE)=J$23,Itinerario!T28," ")," ") | K28: =_xlfn.IFNA(IF(VLOOKUP($D28,Organización_Modular!$F$10:$G$195,2,FALSE)=K$23,Itinerario!W28," ")," ") | L28: =_xlfn.IFNA(IF(VLOOKUP($D28,Organización_Modular!$F$10:$G$195,2,FALSE)=L$23,Itinerario!T28," ")," ") | M28: =_xlfn.IFNA(IF(VLOOKUP($D28,Organización_Modular!$F$10:$G$195,2,FALSE)=M$23,Itinerario!W28," ")," ") | N28: =_xlfn.IFNA(IF(VLOOKUP($D28,Organización_Modular!$F$10:$G$195,2,FALSE)=N$23,Itinerario!T28," ")," ") | O28: =_xlfn.IFNA(IF(VLOOKUP($D28,Organización_Modular!$F$10:$G$195,2,FALSE)=O$23,Itinerario!W28," ")," ") | P28: =_xlfn.IFNA(IF(VLOOKUP($D28,Organización_Modular!$F$10:$G$195,2,FALSE)=P$23,Itinerario!T28," ")," ") | Q28: =_xlfn.IFNA(IF(VLOOKUP($D28,Organización_Modular!$F$10:$G$195,2,FALSE)=Q$23,Itinerario!W28," ")," ") | R28: =Organización_Modular!H14 -> 0 | S28: =Organización_Modular!I14 -> 0 | T28: =SUM(R28:S28) -> 0 | U28: =+R28*$S$19 -> 0 | V28: =+S28*$U$19 -> 0 | W28: =SUM(U28:V28) -> 0 | X28: =W28 -> 0
D29: =Organización_Modular!F15 -> 0 | F29: =_xlfn.IFNA(IF(VLOOKUP($D29,Organización_Modular!$F$10:$G$195,2,FALSE)=F$23,Itinerario!T29," ")," ") | G29: =_xlfn.IFNA(IF(VLOOKUP($D29,Organización_Modular!$F$10:$G$195,2,FALSE)=G$23,Itinerario!W29," ")," ") | H29: =_xlfn.IFNA(IF(VLOOKUP($D29,Organización_Modular!$F$10:$G$195,2,FALSE)=H$23,Itinerario!T29," ")," ") | I29: =_xlfn.IFNA(IF(VLOOKUP($D29,Organización_Modular!$F$10:$G$195,2,FALSE)=I$23,Itinerario!W29," ")," ") | J29: =_xlfn.IFNA(IF(VLOOKUP($D29,Organización_Modular!$F$10:$G$195,2,FALSE)=J$23,Itinerario!T29," ")," ") | K29: =_xlfn.IFNA(IF(VLOOKUP($D29,Organización_Modular!$F$10:$G$195,2,FALSE)=K$23,Itinerario!W29," ")," ") | L29: =_xlfn.IFNA(IF(VLOOKUP($D29,Organización_Modular!$F$10:$G$195,2,FALSE)=L$23,Itinerario!T29," ")," ") | M29: =_xlfn.IFNA(IF(VLOOKUP($D29,Organización_Modular!$F$10:$G$195,2,FALSE)=M$23,Itinerario!W29," ")," ") | N29: =_xlfn.IFNA(IF(VLOOKUP($D29,Organización_Modular!$F$10:$G$195,2,FALSE)=N$23,Itinerario!T29," ")," ") | O29: =_xlfn.IFNA(IF(VLOOKUP($D29,Organización_Modular!$F$10:$G$195,2,FALSE)=O$23,Itinerario!W29," ")," ") | P29: =_xlfn.IFNA(IF(VLOOKUP($D29,Organización_Modular!$F$10:$G$195,2,FALSE)=P$23,Itinerario!T29," ")," ") | Q29: =_xlfn.IFNA(IF(VLOOKUP($D29,Organización_Modular!$F$10:$G$195,2,FALSE)=Q$23,Itinerario!W29," ")," ") | R29: =Organización_Modular!H15 -> 0 | S29: =Organización_Modular!I15 -> 0 | T29: =SUM(R29:S29) -> 0 | U29: =+R29*$S$19 -> 0 | V29: =+S29*$U$19 -> 0 | W29: =SUM(U29:V29) -> 0 | X29: =W29 -> 0
D30: =Organización_Modular!F16 -> 0 | F30: =_xlfn.IFNA(IF(VLOOKUP($D30,Organización_Modular!$F$10:$G$195,2,FALSE)=F$23,Itinerario!T30," ")," ") | G30: =_xlfn.IFNA(IF(VLOOKUP($D30,Organización_Modular!$F$10:$G$195,2,FALSE)=G$23,Itinerario!W30," ")," ") | H30: =_xlfn.IFNA(IF(VLOOKUP($D30,Organización_Modular!$F$10:$G$195,2,FALSE)=H$23,Itinerario!T30," ")," ") | I30: =_xlfn.IFNA(IF(VLOOKUP($D30,Organización_Modular!$F$10:$G$195,2,FALSE)=I$23,Itinerario!W30," ")," ") | J30: =_xlfn.IFNA(IF(VLOOKUP($D30,Organización_Modular!$F$10:$G$195,2,FALSE)=J$23,Itinerario!T30," ")," ") | K30: =_xlfn.IFNA(IF(VLOOKUP($D30,Organización_Modular!$F$10:$G$195,2,FALSE)=K$23,Itinerario!W30," ")," ") | L30: =_xlfn.IFNA(IF(VLOOKUP($D30,Organización_Modular!$F$10:$G$195,2,FALSE)=L$23,Itinerario!T30," ")," ") | M30: =_xlfn.IFNA(IF(VLOOKUP($D30,Organización_Modular!$F$10:$G$195,2,FALSE)=M$23,Itinerario!W30," ")," ") | N30: =_xlfn.IFNA(IF(VLOOKUP($D30,Organización_Modular!$F$10:$G$195,2,FALSE)=N$23,Itinerario!T30," ")," ") | O30: =_xlfn.IFNA(IF(VLOOKUP($D30,Organización_Modular!$F$10:$G$195,2,FALSE)=O$23,Itinerario!W30," ")," ") | P30: =_xlfn.IFNA(IF(VLOOKUP($D30,Organización_Modular!$F$10:$G$195,2,FALSE)=P$23,Itinerario!T30," ")," ") | Q30: =_xlfn.IFNA(IF(VLOOKUP($D30,Organización_Modular!$F$10:$G$195,2,FALSE)=Q$23,Itinerario!W30," ")," ") | R30: =Organización_Modular!H16 -> 0 | S30: =Organización_Modular!I16 -> 0 | T30: =SUM(R30:S30) -> 0 | U30: =+R30*$S$19 -> 0 | V30: =+S30*$U$19 -> 0 | W30: =SUM(U30:V30) -> 0 | X30: =W30 -> 0
D31: =Organización_Modular!F17 -> 0 | F31: =_xlfn.IFNA(IF(VLOOKUP($D31,Organización_Modular!$F$10:$G$195,2,FALSE)=F$23,Itinerario!T31," ")," ") | G31: =_xlfn.IFNA(IF(VLOOKUP($D31,Organización_Modular!$F$10:$G$195,2,FALSE)=G$23,Itinerario!W31," ")," ") | H31: =_xlfn.IFNA(IF(VLOOKUP($D31,Organización_Modular!$F$10:$G$195,2,FALSE)=H$23,Itinerario!T31," ")," ") | I31: =_xlfn.IFNA(IF(VLOOKUP($D31,Organización_Modular!$F$10:$G$195,2,FALSE)=I$23,Itinerario!W31," ")," ") | J31: =_xlfn.IFNA(IF(VLOOKUP($D31,Organización_Modular!$F$10:$G$195,2,FALSE)=J$23,Itinerario!T31," ")," ") | K31: =_xlfn.IFNA(IF(VLOOKUP($D31,Organización_Modular!$F$10:$G$195,2,FALSE)=K$23,Itinerario!W31," ")," ") | L31: =_xlfn.IFNA(IF(VLOOKUP($D31,Organización_Modular!$F$10:$G$195,2,FALSE)=L$23,Itinerario!T31," ")," ") | M31: =_xlfn.IFNA(IF(VLOOKUP($D31,Organización_Modular!$F$10:$G$195,2,FALSE)=M$23,Itinerario!W31," ")," ") | N31: =_xlfn.IFNA(IF(VLOOKUP($D31,Organización_Modular!$F$10:$G$195,2,FALSE)=N$23,Itinerario!T31," ")," ") | O31: =_xlfn.IFNA(IF(VLOOKUP($D31,Organización_Modular!$F$10:$G$195,2,FALSE)=O$23,Itinerario!W31," ")," ") | P31: =_xlfn.IFNA(IF(VLOOKUP($D31,Organización_Modular!$F$10:$G$195,2,FALSE)=P$23,Itinerario!T31," ")," ") | Q31: =_xlfn.IFNA(IF(VLOOKUP($D31,Organización_Modular!$F$10:$G$195,2,FALSE)=Q$23,Itinerario!W31," ")," ") | R31: =Organización_Modular!H17 -> 0 | S31: =Organización_Modular!I17 -> 0 | T31: =SUM(R31:S31) -> 0 | U31: =+R31*$S$19 -> 0 | V31: =+S31*$U$19 -> 0 | W31: =SUM(U31:V31) -> 0 | X31: =W31 -> 0
D32: =Organización_Modular!F18 -> 0 | F32: =_xlfn.IFNA(IF(VLOOKUP($D32,Organización_Modular!$F$10:$G$195,2,FALSE)=F$23,Itinerario!T32," ")," ") | G32: =_xlfn.IFNA(IF(VLOOKUP($D32,Organización_Modular!$F$10:$G$195,2,FALSE)=G$23,Itinerario!W32," ")," ") | H32: =_xlfn.IFNA(IF(VLOOKUP($D32,Organización_Modular!$F$10:$G$195,2,FALSE)=H$23,Itinerario!T32," ")," ") | I32: =_xlfn.IFNA(IF(VLOOKUP($D32,Organización_Modular!$F$10:$G$195,2,FALSE)=I$23,Itinerario!W32," ")," ") | J32: =_xlfn.IFNA(IF(VLOOKUP($D32,Organización_Modular!$F$10:$G$195,2,FALSE)=J$23,Itinerario!T32," ")," ") | K32: =_xlfn.IFNA(IF(VLOOKUP($D32,Organización_Modular!$F$10:$G$195,2,FALSE)=K$23,Itinerario!W32," ")," ") | L32: =_xlfn.IFNA(IF(VLOOKUP($D32,Organización_Modular!$F$10:$G$195,2,FALSE)=L$23,Itinerario!T32," ")," ") | M32: =_xlfn.IFNA(IF(VLOOKUP($D32,Organización_Modular!$F$10:$G$195,2,FALSE)=M$23,Itinerario!W32," ")," ") | N32: =_xlfn.IFNA(IF(VLOOKUP($D32,Organización_Modular!$F$10:$G$195,2,FALSE)=N$23,Itinerario!T32," ")," ") | O32: =_xlfn.IFNA(IF(VLOOKUP($D32,Organización_Modular!$F$10:$G$195,2,FALSE)=O$23,Itinerario!W32," ")," ") | P32: =_xlfn.IFNA(IF(VLOOKUP($D32,Organización_Modular!$F$10:$G$195,2,FALSE)=P$23,Itinerario!T32," ")," ") | Q32: =_xlfn.IFNA(IF(VLOOKUP($D32,Organización_Modular!$F$10:$G$195,2,FALSE)=Q$23,Itinerario!W32," ")," ") | R32: =Organización_Modular!H18 -> 0 | S32: =Organización_Modular!I18 -> 0 | T32: =SUM(R32:S32) -> 0 | U32: =+R32*$S$19 -> 0 | V32: =+S32*$U$19 -> 0 | W32: =SUM(U32:V32) -> 0 | X32: =W32 -> 0
D33: =Organización_Modular!F19 -> 0 | F33: =_xlfn.IFNA(IF(VLOOKUP($D33,Organización_Modular!$F$10:$G$195,2,FALSE)=F$23,Itinerario!T33," ")," ") | G33: =_xlfn.IFNA(IF(VLOOKUP($D33,Organización_Modular!$F$10:$G$195,2,FALSE)=G$23,Itinerario!W33," ")," ") | H33: =_xlfn.IFNA(IF(VLOOKUP($D33,Organización_Modular!$F$10:$G$195,2,FALSE)=H$23,Itinerario!T33," ")," ") | I33: =_xlfn.IFNA(IF(VLOOKUP($D33,Organización_Modular!$F$10:$G$195,2,FALSE)=I$23,Itinerario!W33," ")," ") | J33: =_xlfn.IFNA(IF(VLOOKUP($D33,Organización_Modular!$F$10:$G$195,2,FALSE)=J$23,Itinerario!T33," ")," ") | K33: =_xlfn.IFNA(IF(VLOOKUP($D33,Organización_Modular!$F$10:$G$195,2,FALSE)=K$23,Itinerario!W33," ")," ") | L33: =_xlfn.IFNA(IF(VLOOKUP($D33,Organización_Modular!$F$10:$G$195,2,FALSE)=L$23,Itinerario!T33," ")," ") | M33: =_xlfn.IFNA(IF(VLOOKUP($D33,Organización_Modular!$F$10:$G$195,2,FALSE)=M$23,Itinerario!W33," ")," ") | N33: =_xlfn.IFNA(IF(VLOOKUP($D33,Organización_Modular!$F$10:$G$195,2,FALSE)=N$23,Itinerario!T33," ")," ") | O33: =_xlfn.IFNA(IF(VLOOKUP($D33,Organización_Modular!$F$10:$G$195,2,FALSE)=O$23,Itinerario!W33," ")," ") | P33: =_xlfn.IFNA(IF(VLOOKUP($D33,Organización_Modular!$F$10:$G$195,2,FALSE)=P$23,Itinerario!T33," ")," ") | Q33: =_xlfn.IFNA(IF(VLOOKUP($D33,Organización_Modular!$F$10:$G$195,2,FALSE)=Q$23,Itinerario!W33," ")," ") | R33: =Organización_Modular!H19 -> 0 | S33: =Organización_Modular!I19 -> 0 | T33: =SUM(R33:S33) -> 0 | U33: =+R33*$S$19 -> 0 | V33: =+S33*$U$19 -> 0 | W33: =SUM(U33:V33) -> 0 | X33: =W33 -> 0
D34: =Organización_Modular!F20 -> 0 | F34: =_xlfn.IFNA(IF(VLOOKUP($D34,Organización_Modular!$F$10:$G$195,2,FALSE)=F$23,Itinerario!T34," ")," ") | G34: =_xlfn.IFNA(IF(VLOOKUP($D34,Organización_Modular!$F$10:$G$195,2,FALSE)=G$23,Itinerario!W34," ")," ") | H34: =_xlfn.IFNA(IF(VLOOKUP($D34,Organización_Modular!$F$10:$G$195,2,FALSE)=H$23,Itinerario!T34," ")," ") | I34: =_xlfn.IFNA(IF(VLOOKUP($D34,Organización_Modular!$F$10:$G$195,2,FALSE)=I$23,Itinerario!W34," ")," ") | J34: =_xlfn.IFNA(IF(VLOOKUP($D34,Organización_Modular!$F$10:$G$195,2,FALSE)=J$23,Itinerario!T34," ")," ") | K34: =_xlfn.IFNA(IF(VLOOKUP($D34,Organización_Modular!$F$10:$G$195,2,FALSE)=K$23,Itinerario!W34," ")," ") | L34: =_xlfn.IFNA(IF(VLOOKUP($D34,Organización_Modular!$F$10:$G$195,2,FALSE)=L$23,Itinerario!T34," ")," ") | M34: =_xlfn.IFNA(IF(VLOOKUP($D34,Organización_Modular!$F$10:$G$195,2,FALSE)=M$23,Itinerario!W34," ")," ") | N34: =_xlfn.IFNA(IF(VLOOKUP($D34,Organización_Modular!$F$10:$G$195,2,FALSE)=N$23,Itinerario!T34," ")," ") | O34: =_xlfn.IFNA(IF(VLOOKUP($D34,Organización_Modular!$F$10:$G$195,2,FALSE)=O$23,Itinerario!W34," ")," ") | P34: =_xlfn.IFNA(IF(VLOOKUP($D34,Organización_Modular!$F$10:$G$195,2,FALSE)=P$23,Itinerario!T34," ")," ") | Q34: =_xlfn.IFNA(IF(VLOOKUP($D34,Organización_Modular!$F$10:$G$195,2,FALSE)=Q$23,Itinerario!W34," ")," ") | R34: =Organización_Modular!H20 -> 0 | S34: =Organización_Modular!I20 -> 0 | T34: =SUM(R34:S34) -> 0 | U34: =+R34*$S$19 -> 0 | V34: =+S34*$U$19 -> 0 | W34: =SUM(U34:V34) -> 0 | X34: =W34 -> 0
D35: =Organización_Modular!F21 -> 0 | F35: =_xlfn.IFNA(IF(VLOOKUP($D35,Organización_Modular!$F$10:$G$195,2,FALSE)=F$23,Itinerario!T35," ")," ") | G35: =_xlfn.IFNA(IF(VLOOKUP($D35,Organización_Modular!$F$10:$G$195,2,FALSE)=G$23,Itinerario!W35," ")," ") | H35: =_xlfn.IFNA(IF(VLOOKUP($D35,Organización_Modular!$F$10:$G$195,2,FALSE)=H$23,Itinerario!T35," ")," ") | I35: =_xlfn.IFNA(IF(VLOOKUP($D35,Organización_Modular!$F$10:$G$195,2,FALSE)=I$23,Itinerario!W35," ")," ") | J35: =_xlfn.IFNA(IF(VLOOKUP($D35,Organización_Modular!$F$10:$G$195,2,FALSE)=J$23,Itinerario!T35," ")," ") | K35: =_xlfn.IFNA(IF(VLOOKUP($D35,Organización_Modular!$F$10:$G$195,2,FALSE)=K$23,Itinerario!W35," ")," ") | L35: =_xlfn.IFNA(IF(VLOOKUP($D35,Organización_Modular!$F$10:$G$195,2,FALSE)=L$23,Itinerario!T35," ")," ") | M35: =_xlfn.IFNA(IF(VLOOKUP($D35,Organización_Modular!$F$10:$G$195,2,FALSE)=M$23,Itinerario!W35," ")," ") | N35: =_xlfn.IFNA(IF(VLOOKUP($D35,Organización_Modular!$F$10:$G$195,2,FALSE)=N$23,Itinerario!T35," ")," ") | O35: =_xlfn.IFNA(IF(VLOOKUP($D35,Organización_Modular!$F$10:$G$195,2,FALSE)=O$23,Itinerario!W35," ")," ") | P35: =_xlfn.IFNA(IF(VLOOKUP($D35,Organización_Modular!$F$10:$G$195,2,FALSE)=P$23,Itinerario!T35," ")," ") | Q35: =_xlfn.IFNA(IF(VLOOKUP($D35,Organización_Modular!$F$10:$G$195,2,FALSE)=Q$23,Itinerario!W35," ")," ") | R35: =Organización_Modular!H21 -> 0 | S35: =Organización_Modular!I21 -> 0 | T35: =SUM(R35:S35) -> 0 | U35: =+R35*$S$19 -> 0 | V35: =+S35*$U$19 -> 0 | W35: =SUM(U35:V35) -> 0 | X35: =W35 -> 0
D36: =Organización_Modular!F22 -> 0 | F36: =_xlfn.IFNA(IF(VLOOKUP($D36,Organización_Modular!$F$10:$G$195,2,FALSE)=F$23,Itinerario!T36," ")," ") | G36: =_xlfn.IFNA(IF(VLOOKUP($D36,Organización_Modular!$F$10:$G$195,2,FALSE)=G$23,Itinerario!W36," ")," ") | H36: =_xlfn.IFNA(IF(VLOOKUP($D36,Organización_Modular!$F$10:$G$195,2,FALSE)=H$23,Itinerario!T36," ")," ") | I36: =_xlfn.IFNA(IF(VLOOKUP($D36,Organización_Modular!$F$10:$G$195,2,FALSE)=I$23,Itinerario!W36," ")," ") | J36: =_xlfn.IFNA(IF(VLOOKUP($D36,Organización_Modular!$F$10:$G$195,2,FALSE)=J$23,Itinerario!T36," ")," ") | K36: =_xlfn.IFNA(IF(VLOOKUP($D36,Organización_Modular!$F$10:$G$195,2,FALSE)=K$23,Itinerario!W36," ")," ") | L36: =_xlfn.IFNA(IF(VLOOKUP($D36,Organización_Modular!$F$10:$G$195,2,FALSE)=L$23,Itinerario!T36," ")," ") | M36: =_xlfn.IFNA(IF(VLOOKUP($D36,Organización_Modular!$F$10:$G$195,2,FALSE)=M$23,Itinerario!W36," ")," ") | N36: =_xlfn.IFNA(IF(VLOOKUP($D36,Organización_Modular!$F$10:$G$195,2,FALSE)=N$23,Itinerario!T36," ")," ") | O36: =_xlfn.IFNA(IF(VLOOKUP($D36,Organización_Modular!$F$10:$G$195,2,FALSE)=O$23,Itinerario!W36," ")," ") | P36: =_xlfn.IFNA(IF(VLOOKUP($D36,Organización_Modular!$F$10:$G$195,2,FALSE)=P$23,Itinerario!T36," ")," ") | Q36: =_xlfn.IFNA(IF(VLOOKUP($D36,Organización_Modular!$F$10:$G$195,2,FALSE)=Q$23,Itinerario!W36," ")," ") | R36: =Organización_Modular!H22 -> 0 | S36: =Organización_Modular!I22 -> 0 | T36: =SUM(R36:S36) -> 0 | U36: =+R36*$S$19 -> 0 | V36: =+S36*$U$19 -> 0 | W36: =SUM(U36:V36) -> 0 | X36: =W36 -> 0
... D43: =Organización_Modular!F29 -> 0 | F43: =_xlfn.IFNA(IF(VLOOKUP($D43,Organización_Modular!$F$10:$G$195,2,FALSE)=F$23,Itinerario!T43," ")," ") | G43: =_xlfn.IFNA(IF(VLOOKUP($D43,Organización_Modular!$F$10:$G$195,2,FALSE)=G$23,Itinerario!W43," ")," ") | H43: =_xlfn.IFNA(IF(VLOOKUP($D43,Organización_Modular!$F$10:$G$195,2,FALSE)=H$23,Itinerario!T43," ")," ") | I43: =_xlfn.IFNA(IF(VLOOKUP($D43,Organización_Modular!$F$10:$G$195,2,FALSE)=I$23,Itinerario!W43," ")," ") | J43: =_xlfn.IFNA(IF(VLOOKUP($D43,Organización_Modular!$F$10:$G$195,2,FALSE)=J$23,Itinerario!T43," ")," ") | K43: =_xlfn.IFNA(IF(VLOOKUP($D43,Organización_Modular!$F$10:$G$195,2,FALSE)=K$23,Itinerario!W43," ")," ") | L43: =_xlfn.IFNA(IF(VLOOKUP($D43,Organización_Modular!$F$10:$G$195,2,FALSE)=L$23,Itinerario!T43," ")," ") | M43: =_xlfn.IFNA(IF(VLOOKUP($D43,Organización_Modular!$F$10:$G$195,2,FALSE)=M$23,Itinerario!W43," ")," ") | N43: =_xlfn.IFNA(IF(VLOOKUP($D43,Organización_Modular!$F$10:$G$195,2,FALSE)=N$23,Itinerario!T43," ")," ") | O43: =_xlfn.IFNA(IF(VLOOKUP($D43,Organización_Modular!$F$10:$G$195,2,FALSE)=O$23,Itinerario!W43," ")," ") | P43: =_xlfn.IFNA(IF(VLOOKUP($D43,Organización_Modular!$F$10:$G$195,2,FALSE)=P$23,Itinerario!T43," ")," ") | Q43: =_xlfn.IFNA(IF(VLOOKUP($D43,Organización_Modular!$F$10:$G$195,2,FALSE)=Q$23,Itinerario!W43," ")," ") | R43: =Organización_Modular!H29 -> 0 | S43: =Organización_Modular!I29 -> 0 | T43: =SUM(R43:S43) -> 0 | U43: =+R43*$S$19 -> 0 | V43: =+S43*$U$19 -> 0 | W43: =SUM(U43:V43) -> 0 | X43: =W43 -> 0
B44: =Organización_Modular!B30 -> Competencias para la empleabilidad | C44: =Organización_Modular!C30 -> CE1 Comunicación efectiva.- Expresar de manera clara los conceptos, ideas, sentimientos, hechos y opiniones en forma oral y escrita para comunicarse e interactuar con otras personas en contextos sociales y laborales diversos. (UD) | D44: =Organización_Modular!F30 -> Comunicación Oral | F44: =_xlfn.IFNA(IF(VLOOKUP($D44,Organización_Modular!$F$10:$G$195,2,FALSE)=F$23,Itinerario!T44," ")," ") -> 2 | G44: =_xlfn.IFNA(IF(VLOOKUP($D44,Organización_Modular!$F$10:$G$195,2,FALSE)=G$23,Itinerario!W44," ")," ") -> 48 | H44: =_xlfn.IFNA(IF(VLOOKUP($D44,Organización_Modular!$F$10:$G$195,2,FALSE)=H$23,Itinerario!T44," ")," ") | I44: =_xlfn.IFNA(IF(VLOOKUP($D44,Organización_Modular!$F$10:$G$195,2,FALSE)=I$23,Itinerario!W44," ")," ") | J44: =_xlfn.IFNA(IF(VLOOKUP($D44,Organización_Modular!$F$10:$G$195,2,FALSE)=J$23,Itinerario!T44," ")," ") | K44: =_xlfn.IFNA(IF(VLOOKUP($D44,Organización_Modular!$F$10:$G$195,2,FALSE)=K$23,Itinerario!W44," ")," ") | L44: =_xlfn.IFNA(IF(VLOOKUP($D44,Organización_Modular!$F$10:$G$195,2,FALSE)=L$23,Itinerario!T44," ")," ") | M44: =_xlfn.IFNA(IF(VLOOKUP($D44,Organización_Modular!$F$10:$G$195,2,FALSE)=M$23,Itinerario!W44," ")," ") | N44: =_xlfn.IFNA(IF(VLOOKUP($D44,Organización_Modular!$F$10:$G$195,2,FALSE)=N$23,Itinerario!T44," ")," ") | O44: =_xlfn.IFNA(IF(VLOOKUP($D44,Organización_Modular!$F$10:$G$195,2,FALSE)=O$23,Itinerario!W44," ")," ") | P44: =_xlfn.IFNA(IF(VLOOKUP($D44,Organización_Modular!$F$10:$G$195,2,FALSE)=P$23,Itinerario!T44," ")," ") | Q44: =_xlfn.IFNA(IF(VLOOKUP($D44,Organización_Modular!$F$10:$G$195,2,FALSE)=Q$23,Itinerario!W44," ")," ") | R44: =Organización_Modular!H30 -> 1 | S44: =Organización_Modular!I30 -> 1 | T44: =SUM(R44:S44) -> 2 | U44: =+R44*$S$19 -> 16 | V44: =+S44*$U$19 -> 32 | W44: =SUM(U44:V44) -> 48 | X44: =W44 -> 48
D45: =Organización_Modular!F31 -> Comunicación Escrita | F45: =_xlfn.IFNA(IF(VLOOKUP($D45,Organización_Modular!$F$10:$G$195,2,FALSE)=F$23,Itinerario!T45," ")," ") -> 1 | G45: =_xlfn.IFNA(IF(VLOOKUP($D45,Organización_Modular!$F$10:$G$195,2,FALSE)=G$23,Itinerario!W45," ")," ") -> 32 | H45: =_xlfn.IFNA(IF(VLOOKUP($D45,Organización_Modular!$F$10:$G$195,2,FALSE)=H$23,Itinerario!T45," ")," ") | I45: =_xlfn.IFNA(IF(VLOOKUP($D45,Organización_Modular!$F$10:$G$195,2,FALSE)=I$23,Itinerario!W45," ")," ") | J45: =_xlfn.IFNA(IF(VLOOKUP($D45,Organización_Modular!$F$10:$G$195,2,FALSE)=J$23,Itinerario!T45," ")," ") | K45: =_xlfn.IFNA(IF(VLOOKUP($D45,Organización_Modular!$F$10:$G$195,2,FALSE)=K$23,Itinerario!W45," ")," ") | L45: =_xlfn.IFNA(IF(VLOOKUP($D45,Organización_Modular!$F$10:$G$195,2,FALSE)=L$23,Itinerario!T45," ")," ") | M45: =_xlfn.IFNA(IF(VLOOKUP($D45,Organización_Modular!$F$10:$G$195,2,FALSE)=M$23,Itinerario!W45," ")," ") | N45: =_xlfn.IFNA(IF(VLOOKUP($D45,Organización_Modular!$F$10:$G$195,2,FALSE)=N$23,Itinerario!T45," ")," ") | O45: =_xlfn.IFNA(IF(VLOOKUP($D45,Organización_Modular!$F$10:$G$195,2,FALSE)=O$23,Itinerario!W45," ")," ") | P45: =_xlfn.IFNA(IF(VLOOKUP($D45,Organización_Modular!$F$10:$G$195,2,FALSE)=P$23,Itinerario!T45," ")," ") | Q45: =_xlfn.IFNA(IF(VLOOKUP($D45,Organización_Modular!$F$10:$G$195,2,FALSE)=Q$23,Itinerario!W45," ")," ") | R45: =Organización_Modular!H31 -> 0 | S45: =Organización_Modular!I31 -> 1 | T45: =SUM(R45:S45) -> 1 | U45: =+R45*$S$19 -> 0 | V45: =+S45*$U$19 -> 32 | W45: =SUM(U45:V45) -> 32 | X45: =W45 -> 32
D46: =Organización_Modular!F32 -> 0 | F46: =_xlfn.IFNA(IF(VLOOKUP($D46,Organización_Modular!$F$10:$G$195,2,FALSE)=F$23,Itinerario!T46," ")," ") | G46: =_xlfn.IFNA(IF(VLOOKUP($D46,Organización_Modular!$F$10:$G$195,2,FALSE)=G$23,Itinerario!W46," ")," ") | H46: =_xlfn.IFNA(IF(VLOOKUP($D46,Organización_Modular!$F$10:$G$195,2,FALSE)=H$23,Itinerario!T46," ")," ") | I46: =_xlfn.IFNA(IF(VLOOKUP($D46,Organización_Modular!$F$10:$G$195,2,FALSE)=I$23,Itinerario!W46," ")," ") | J46: =_xlfn.IFNA(IF(VLOOKUP($D46,Organización_Modular!$F$10:$G$195,2,FALSE)=J$23,Itinerario!T46," ")," ") | K46: =_xlfn.IFNA(IF(VLOOKUP($D46,Organización_Modular!$F$10:$G$195,2,FALSE)=K$23,Itinerario!W46," ")," ") | L46: =_xlfn.IFNA(IF(VLOOKUP($D46,Organización_Modular!$F$10:$G$195,2,FALSE)=L$23,Itinerario!T46," ")," ") | M46: =_xlfn.IFNA(IF(VLOOKUP($D46,Organización_Modular!$F$10:$G$195,2,FALSE)=M$23,Itinerario!W46," ")," ") | N46: =_xlfn.IFNA(IF(VLOOKUP($D46,Organización_Modular!$F$10:$G$195,2,FALSE)=N$23,Itinerario!T46," ")," ") | O46: =_xlfn.IFNA(IF(VLOOKUP($D46,Organización_Modular!$F$10:$G$195,2,FALSE)=O$23,Itinerario!W46," ")," ") | P46: =_xlfn.IFNA(IF(VLOOKUP($D46,Organización_Modular!$F$10:$G$195,2,FALSE)=P$23,Itinerario!T46," ")," ") | Q46: =_xlfn.IFNA(IF(VLOOKUP($D46,Organización_Modular!$F$10:$G$195,2,FALSE)=Q$23,Itinerario!W46," ")," ") | R46: =Organización_Modular!H32 -> 0 | S46: =Organización_Modular!I32 -> 0 | T46: =SUM(R46:S46) -> 0 | U46: =+R46*$S$19 -> 0 | V46: =+S46*$U$19 -> 0 | W46: =SUM(U46:V46) -> 0 | X46: =W46 -> 0
D47: =Organización_Modular!F33 -> 0 | F47: =_xlfn.IFNA(IF(VLOOKUP($D47,Organización_Modular!$F$10:$G$195,2,FALSE)=F$23,Itinerario!T47," ")," ") | G47: =_xlfn.IFNA(IF(VLOOKUP($D47,Organización_Modular!$F$10:$G$195,2,FALSE)=G$23,Itinerario!W47," ")," ") | H47: =_xlfn.IFNA(IF(VLOOKUP($D47,Organización_Modular!$F$10:$G$195,2,FALSE)=H$23,Itinerario!T47," ")," ") | I47: =_xlfn.IFNA(IF(VLOOKUP($D47,Organización_Modular!$F$10:$G$195,2,FALSE)=I$23,Itinerario!W47," ")," ") | J47: =_xlfn.IFNA(IF(VLOOKUP($D47,Organización_Modular!$F$10:$G$195,2,FALSE)=J$23,Itinerario!T47," ")," ") | K47: =_xlfn.IFNA(IF(VLOOKUP($D47,Organización_Modular!$F$10:$G$195,2,FALSE)=K$23,Itinerario!W47," ")," ") | L47: =_xlfn.IFNA(IF(VLOOKUP($D47,Organización_Modular!$F$10:$G$195,2,FALSE)=L$23,Itinerario!T47," ")," ") | M47: =_xlfn.IFNA(IF(VLOOKUP($D47,Organización_Modular!$F$10:$G$195,2,FALSE)=M$23,Itinerario!W47," ")," ") | N47: =_xlfn.IFNA(IF(VLOOKUP($D47,Organización_Modular!$F$10:$G$195,2,FALSE)=N$23,Itinerario!T47," ")," ") | O47: =_xlfn.IFNA(IF(VLOOKUP($D47,Organización_Modular!$F$10:$G$195,2,FALSE)=O$23,Itinerario!W47," ")," ") | P47: =_xlfn.IFNA(IF(VLOOKUP($D47,Organización_Modular!$F$10:$G$195,2,FALSE)=P$23,Itinerario!T47," ")," ") | Q47: =_xlfn.IFNA(IF(VLOOKUP($D47,Organización_Modular!$F$10:$G$195,2,FALSE)=Q$23,Itinerario!W47," ")," ") | R47: =Organización_Modular!H33 -> 0 | S47: =Organización_Modular!I33 -> 0 | T47: =SUM(R47:S47) -> 0 | U47: =+R47*$S$19 -> 0 | V47: =+S47*$U$19 -> 0 | W47: =SUM(U47:V47) -> 0 | X47: =W47 -> 0
D48: =Organización_Modular!F34 -> 0 | F48: =_xlfn.IFNA(IF(VLOOKUP($D48,Organización_Modular!$F$10:$G$195,2,FALSE)=F$23,Itinerario!T48," ")," ") | G48: =_xlfn.IFNA(IF(VLOOKUP($D48,Organización_Modular!$F$10:$G$195,2,FALSE)=G$23,Itinerario!W48," ")," ") | H48: =_xlfn.IFNA(IF(VLOOKUP($D48,Organización_Modular!$F$10:$G$195,2,FALSE)=H$23,Itinerario!T48," ")," ") | I48: =_xlfn.IFNA(IF(VLOOKUP($D48,Organización_Modular!$F$10:$G$195,2,FALSE)=I$23,Itinerario!W48," ")," ") | J48: =_xlfn.IFNA(IF(VLOOKUP($D48,Organización_Modular!$F$10:$G$195,2,FALSE)=J$23,Itinerario!T48," ")," ") | K48: =_xlfn.IFNA(IF(VLOOKUP($D48,Organización_Modular!$F$10:$G$195,2,FALSE)=K$23,Itinerario!W48," ")," ") | L48: =_xlfn.IFNA(IF(VLOOKUP($D48,Organización_Modular!$F$10:$G$195,2,FALSE)=L$23,Itinerario!T48," ")," ") | M48: =_xlfn.IFNA(IF(VLOOKUP($D48,Organización_Modular!$F$10:$G$195,2,FALSE)=M$23,Itinerario!W48," ")," ") | N48: =_xlfn.IFNA(IF(VLOOKUP($D48,Organización_Modular!$F$10:$G$195,2,FALSE)=N$23,Itinerario!T48," ")," ") | O48: =_xlfn.IFNA(IF(VLOOKUP($D48,Organización_Modular!$F$10:$G$195,2,FALSE)=O$23,Itinerario!W48," ")," ") | P48: =_xlfn.IFNA(IF(VLOOKUP($D48,Organización_Modular!$F$10:$G$195,2,FALSE)=P$23,Itinerario!T48," ")," ") | Q48: =_xlfn.IFNA(IF(VLOOKUP($D48,Organización_Modular!$F$10:$G$195,2,FALSE)=Q$23,Itinerario!W48," ")," ") | R48: =Organización_Modular!H34 -> 0 | S48: =Organización_Modular!I34 -> 0 | T48: =SUM(R48:S48) -> 0 | U48: =+R48*$S$19 -> 0 | V48: =+S48*$U$19 -> 0 | W48: =SUM(U48:V48) -> 0 | X48: =W48 -> 0
D49: =Organización_Modular!F35 -> 0 | F49: =_xlfn.IFNA(IF(VLOOKUP($D49,Organización_Modular!$F$10:$G$195,2,FALSE)=F$23,Itinerario!T49," ")," ") | G49: =_xlfn.IFNA(IF(VLOOKUP($D49,Organización_Modular!$F$10:$G$195,2,FALSE)=G$23,Itinerario!W49," ")," ") | H49: =_xlfn.IFNA(IF(VLOOKUP($D49,Organización_Modular!$F$10:$G$195,2,FALSE)=H$23,Itinerario!T49," ")," ") | I49: =_xlfn.IFNA(IF(VLOOKUP($D49,Organización_Modular!$F$10:$G$195,2,FALSE)=I$23,Itinerario!W49," ")," ") | J49: =_xlfn.IFNA(IF(VLOOKUP($D49,Organización_Modular!$F$10:$G$195,2,FALSE)=J$23,Itinerario!T49," ")," ") | K49: =_xlfn.IFNA(IF(VLOOKUP($D49,Organización_Modular!$F$10:$G$195,2,FALSE)=K$23,Itinerario!W49," ")," ") | L49: =_xlfn.IFNA(IF(VLOOKUP($D49,Organización_Modular!$F$10:$G$195,2,FALSE)=L$23,Itinerario!T49," ")," ") | M49: =_xlfn.IFNA(IF(VLOOKUP($D49,Organización_Modular!$F$10:$G$195,2,FALSE)=M$23,Itinerario!W49," ")," ") | N49: =_xlfn.IFNA(IF(VLOOKUP($D49,Organización_Modular!$F$10:$G$195,2,FALSE)=N$23,Itinerario!T49," ")," ") | O49: =_xlfn.IFNA(IF(VLOOKUP($D49,Organización_Modular!$F$10:$G$195,2,FALSE)=O$23,Itinerario!W49," ")," ") | P49: =_xlfn.IFNA(IF(VLOOKUP($D49,Organización_Modular!$F$10:$G$195,2,FALSE)=P$23,Itinerario!T49," ")," ") | Q49: =_xlfn.IFNA(IF(VLOOKUP($D49,Organización_Modular!$F$10:$G$195,2,FALSE)=Q$23,Itinerario!W49," ")," ") | R49: =Organización_Modular!H35 -> 0 | S49: =Organización_Modular!I35 -> 0 | T49: =SUM(R49:S49) -> 0 | U49: =+R49*$S$19 -> 0 | V49: =+S49*$U$19 -> 0 | W49: =SUM(U49:V49) -> 0 | X49: =W49 -> 0
D50: =Organización_Modular!F36 -> 0 | F50: =_xlfn.IFNA(IF(VLOOKUP($D50,Organización_Modular!$F$10:$G$195,2,FALSE)=F$23,Itinerario!T50," ")," ") | G50: =_xlfn.IFNA(IF(VLOOKUP($D50,Organización_Modular!$F$10:$G$195,2,FALSE)=G$23,Itinerario!W50," ")," ") | H50: =_xlfn.IFNA(IF(VLOOKUP($D50,Organización_Modular!$F$10:$G$195,2,FALSE)=H$23,Itinerario!T50," ")," ") | I50: =_xlfn.IFNA(IF(VLOOKUP($D50,Organización_Modular!$F$10:$G$195,2,FALSE)=I$23,Itinerario!W50," ")," ") | J50: =_xlfn.IFNA(IF(VLOOKUP($D50,Organización_Modular!$F$10:$G$195,2,FALSE)=J$23,Itinerario!T50," ")," ") | K50: =_xlfn.IFNA(IF(VLOOKUP($D50,Organización_Modular!$F$10:$G$195,2,FALSE)=K$23,Itinerario!W50," ")," ") | L50: =_xlfn.IFNA(IF(VLOOKUP($D50,Organización_Modular!$F$10:$G$195,2,FALSE)=L$23,Itinerario!T50," ")," ") | M50: =_xlfn.IFNA(IF(VLOOKUP($D50,Organización_Modular!$F$10:$G$195,2,FALSE)=M$23,Itinerario!W50," ")," ") | N50: =_xlfn.IFNA(IF(VLOOKUP($D50,Organización_Modular!$F$10:$G$195,2,FALSE)=N$23,Itinerario!T50," ")," ") | O50: =_xlfn.IFNA(IF(VLOOKUP($D50,Organización_Modular!$F$10:$G$195,2,FALSE)=O$23,Itinerario!W50," ")," ") | P50: =_xlfn.IFNA(IF(VLOOKUP($D50,Organización_Modular!$F$10:$G$195,2,FALSE)=P$23,Itinerario!T50," ")," ") | Q50: =_xlfn.IFNA(IF(VLOOKUP($D50,Organización_Modular!$F$10:$G$195,2,FALSE)=Q$23,Itinerario!W50," ")," ") | R50: =Organización_Modular!H36 -> 0 | S50: =Organización_Modular!I36 -> 0 | T50: =SUM(R50:S50) -> 0 | U50: =+R50*$S$19 -> 0 | V50: =+S50*$U$19 -> 0 | W50: =SUM(U50:V50) -> 0 | X50: =W50 -> 0
D51: =Organización_Modular!F37 -> 0 | F51: =_xlfn.IFNA(IF(VLOOKUP($D51,Organización_Modular!$F$10:$G$195,2,FALSE)=F$23,Itinerario!T51," ")," ") | G51: =_xlfn.IFNA(IF(VLOOKUP($D51,Organización_Modular!$F$10:$G$195,2,FALSE)=G$23,Itinerario!W51," ")," ") | H51: =_xlfn.IFNA(IF(VLOOKUP($D51,Organización_Modular!$F$10:$G$195,2,FALSE)=H$23,Itinerario!T51," ")," ") | I51: =_xlfn.IFNA(IF(VLOOKUP($D51,Organización_Modular!$F$10:$G$195,2,FALSE)=I$23,Itinerario!W51," ")," ") | J51: =_xlfn.IFNA(IF(VLOOKUP($D51,Organización_Modular!$F$10:$G$195,2,FALSE)=J$23,Itinerario!T51," ")," ") | K51: =_xlfn.IFNA(IF(VLOOKUP($D51,Organización_Modular!$F$10:$G$195,2,FALSE)=K$23,Itinerario!W51," ")," ") | L51: =_xlfn.IFNA(IF(VLOOKUP($D51,Organización_Modular!$F$10:$G$195,2,FALSE)=L$23,Itinerario!T51," ")," ") | M51: =_xlfn.IFNA(IF(VLOOKUP($D51,Organización_Modular!$F$10:$G$195,2,FALSE)=M$23,Itinerario!W51," ")," ") | N51: =_xlfn.IFNA(IF(VLOOKUP($D51,Organización_Modular!$F$10:$G$195,2,FALSE)=N$23,Itinerario!T51," ")," ") | O51: =_xlfn.IFNA(IF(VLOOKUP($D51,Organización_Modular!$F$10:$G$195,2,FALSE)=O$23,Itinerario!W51," ")," ") | P51: =_xlfn.IFNA(IF(VLOOKUP($D51,Organización_Modular!$F$10:$G$195,2,FALSE)=P$23,Itinerario!T51," ")," ") | Q51: =_xlfn.IFNA(IF(VLOOKUP($D51,Organización_Modular!$F$10:$G$195,2,FALSE)=Q$23,Itinerario!W51," ")," ") | R51: =Organización_Modular!H37 -> 0 | S51: =Organización_Modular!I37 -> 0 | T51: =SUM(R51:S51) -> 0 | U51: =+R51*$S$19 -> 0 | V51: =+S51*$U$19 -> 0 | W51: =SUM(U51:V51) -> 0 | X51: =W51 -> 0
D52: =Organización_Modular!F38 -> 0 | F52: =_xlfn.IFNA(IF(VLOOKUP($D52,Organización_Modular!$F$10:$G$195,2,FALSE)=F$23,Itinerario!T52," ")," ") | G52: =_xlfn.IFNA(IF(VLOOKUP($D52,Organización_Modular!$F$10:$G$195,2,FALSE)=G$23,Itinerario!W52," ")," ") | H52: =_xlfn.IFNA(IF(VLOOKUP($D52,Organización_Modular!$F$10:$G$195,2,FALSE)=H$23,Itinerario!T52," ")," ") | I52: =_xlfn.IFNA(IF(VLOOKUP($D52,Organización_Modular!$F$10:$G$195,2,FALSE)=I$23,Itinerario!W52," ")," ") | J52: =_xlfn.IFNA(IF(VLOOKUP($D52,Organización_Modular!$F$10:$G$195,2,FALSE)=J$23,Itinerario!T52," ")," ") | K52: =_xlfn.IFNA(IF(VLOOKUP($D52,Organización_Modular!$F$10:$G$195,2,FALSE)=K$23,Itinerario!W52," ")," ") | L52: =_xlfn.IFNA(IF(VLOOKUP($D52,Organización_Modular!$F$10:$G$195,2,FALSE)=L$23,Itinerario!T52," ")," ") | M52: =_xlfn.IFNA(IF(VLOOKUP($D52,Organización_Modular!$F$10:$G$195,2,FALSE)=M$23,Itinerario!W52," ")," ") | N52: =_xlfn.IFNA(IF(VLOOKUP($D52,Organización_Modular!$F$10:$G$195,2,FALSE)=N$23,Itinerario!T52," ")," ") | O52: =_xlfn.IFNA(IF(VLOOKUP($D52,Organización_Modular!$F$10:$G$195,2,FALSE)=O$23,Itinerario!W52," ")," ") | P52: =_xlfn.IFNA(IF(VLOOKUP($D52,Organización_Modular!$F$10:$G$195,2,FALSE)=P$23,Itinerario!T52," ")," ") | Q52: =_xlfn.IFNA(IF(VLOOKUP($D52,Organización_Modular!$F$10:$G$195,2,FALSE)=Q$23,Itinerario!W52," ")," ") | R52: =Organización_Modular!H38 -> 0 | S52: =Organización_Modular!I38 -> 0 | T52: =SUM(R52:S52) -> 0 | U52: =+R52*$S$19 -> 0 | V52: =+S52*$U$19 -> 0 | W52: =SUM(U52:V52) -> 0 | X52: =W52 -> 0
D53: =Organización_Modular!F39 -> 0 | F53: =_xlfn.IFNA(IF(VLOOKUP($D53,Organización_Modular!$F$10:$G$195,2,FALSE)=F$23,Itinerario!T53," ")," ") | G53: =_xlfn.IFNA(IF(VLOOKUP($D53,Organización_Modular!$F$10:$G$195,2,FALSE)=G$23,Itinerario!W53," ")," ") | H53: =_xlfn.IFNA(IF(VLOOKUP($D53,Organización_Modular!$F$10:$G$195,2,FALSE)=H$23,Itinerario!T53," ")," ") | I53: =_xlfn.IFNA(IF(VLOOKUP($D53,Organización_Modular!$F$10:$G$195,2,FALSE)=I$23,Itinerario!W53," ")," ") | J53: =_xlfn.IFNA(IF(VLOOKUP($D53,Organización_Modular!$F$10:$G$195,2,FALSE)=J$23,Itinerario!T53," ")," ") | K53: =_xlfn.IFNA(IF(VLOOKUP($D53,Organización_Modular!$F$10:$G$195,2,FALSE)=K$23,Itinerario!W53," ")," ") | L53: =_xlfn.IFNA(IF(VLOOKUP($D53,Organización_Modular!$F$10:$G$195,2,FALSE)=L$23,Itinerario!T53," ")," ") | M53: =_xlfn.IFNA(IF(VLOOKUP($D53,Organización_Modular!$F$10:$G$195,2,FALSE)=M$23,Itinerario!W53," ")," ") | N53: =_xlfn.IFNA(IF(VLOOKUP($D53,Organización_Modular!$F$10:$G$195,2,FALSE)=N$23,Itinerario!T53," ")," ") | O53: =_xlfn.IFNA(IF(VLOOKUP($D53,Organización_Modular!$F$10:$G$195,2,FALSE)=O$23,Itinerario!W53," ")," ") | P53: =_xlfn.IFNA(IF(VLOOKUP($D53,Organización_Modular!$F$10:$G$195,2,FALSE)=P$23,Itinerario!T53," ")," ") | Q53: =_xlfn.IFNA(IF(VLOOKUP($D53,Organización_Modular!$F$10:$G$195,2,FALSE)=Q$23,Itinerario!W53," ")," ") | R53: =Organización_Modular!H39 -> 0 | S53: =Organización_Modular!I39 -> 0 | T53: =SUM(R53:S53) -> 0 | U53: =+R53*$S$19 -> 0 | V53: =+S53*$U$19 -> 0 | W53: =SUM(U53:V53) -> 0 | X53: =W53 -> 0
B54: =Organización_Modular!B40 -> Experiencias formativas en situaciones reales de trabajo (ESRT) | R54: =Organización_Modular!H40 -> 0 | S54: =Organización_Modular!I40 -> 3 | T54: =SUM(R54:S54) -> 3 | U54: =+R54*$S$19 -> 0 | V54: =+S54*$U$19 -> 96 | W54: =SUM(U54:V54) -> 96 | X54: =W54 -> 96
A55: =Organización_Modular!A41 -> MÓDULO 2: INFRAESTRUCTURA TI | B55: =B24 -> Competencias técnicas (Unidad de competencia) | C55: =Organización_Modular!C41 -> UC2: Ejecuta acciones de monitoreo y otras acciones operativas programadas, de acuerdo a las buenas prácticas de aseguramiento de operaciones del CPD (Centro de Procesamiento de Datos) y salvaguarda de la información de negocio | D55: =Organización_Modular!F41 -> Monitoreo de infraestructura de TI | F55: =_xlfn.IFNA(IF(VLOOKUP($D55,Organización_Modular!$F$10:$G$195,2,FALSE)=F$23,Itinerario!T55," ")," ") | G55: =_xlfn.IFNA(IF(VLOOKUP($D55,Organización_Modular!$F$10:$G$195,2,FALSE)=G$23,Itinerario!W55," ")," ") | H55: =_xlfn.IFNA(IF(VLOOKUP($D55,Organización_Modular!$F$10:$G$195,2,FALSE)=H$23,Itinerario!T55," ")," ") -> 4 | I55: =_xlfn.IFNA(IF(VLOOKUP($D55,Organización_Modular!$F$10:$G$195,2,FALSE)=I$23,Itinerario!W55," ")," ") -> 96 | J55: =_xlfn.IFNA(IF(VLOOKUP($D55,Organización_Modular!$F$10:$G$195,2,FALSE)=J$23,Itinerario!T55," ")," ") | K55: =_xlfn.IFNA(IF(VLOOKUP($D55,Organización_Modular!$F$10:$G$195,2,FALSE)=K$23,Itinerario!W55," ")," ") | L55: =_xlfn.IFNA(IF(VLOOKUP($D55,Organización_Modular!$F$10:$G$195,2,FALSE)=L$23,Itinerario!T55," ")," ") | M55: =_xlfn.IFNA(IF(VLOOKUP($D55,Organización_Modular!$F$10:$G$195,2,FALSE)=M$23,Itinerario!W55," ")," ") | N55: =_xlfn.IFNA(IF(VLOOKUP($D55,Organización_Modular!$F$10:$G$195,2,FALSE)=N$23,Itinerario!T55," ")," ") | O55: =_xlfn.IFNA(IF(VLOOKUP($D55,Organización_Modular!$F$10:$G$195,2,FALSE)=O$23,Itinerario!W55," ")," ") | P55: =_xlfn.IFNA(IF(VLOOKUP($D55,Organización_Modular!$F$10:$G$195,2,FALSE)=P$23,Itinerario!T55," ")," ") | Q55: =_xlfn.IFNA(IF(VLOOKUP($D55,Organización_Modular!$F$10:$G$195,2,FALSE)=Q$23,Itinerario!W55," ")," ") | R55: =Organización_Modular!H41 -> 2 | S55: =Organización_Modular!I41 -> 2 | T55: =SUM(R55:S55) -> 4 | U55: =+R55*$S$19 -> 32 | V55: =+S55*$U$19 -> 64 | W55: =SUM(U55:V55) -> 96 | X55: =W55 -> 96
D56: =Organización_Modular!F42 -> Mantenimiento preventivo de Tecnologías de la Información | F56: =_xlfn.IFNA(IF(VLOOKUP($D56,Organización_Modular!$F$10:$G$195,2,FALSE)=F$23,Itinerario!T56," ")," ") | G56: =_xlfn.IFNA(IF(VLOOKUP($D56,Organización_Modular!$F$10:$G$195,2,FALSE)=G$23,Itinerario!W56," ")," ") | H56: =_xlfn.IFNA(IF(VLOOKUP($D56,Organización_Modular!$F$10:$G$195,2,FALSE)=H$23,Itinerario!T56," ")," ") -> 4 | I56: =_xlfn.IFNA(IF(VLOOKUP($D56,Organización_Modular!$F$10:$G$195,2,FALSE)=I$23,Itinerario!W56," ")," ") -> 96 | J56: =_xlfn.IFNA(IF(VLOOKUP($D56,Organización_Modular!$F$10:$G$195,2,FALSE)=J$23,Itinerario!T56," ")," ") | K56: =_xlfn.IFNA(IF(VLOOKUP($D56,Organización_Modular!$F$10:$G$195,2,FALSE)=K$23,Itinerario!W56," ")," ") | L56: =_xlfn.IFNA(IF(VLOOKUP($D56,Organización_Modular!$F$10:$G$195,2,FALSE)=L$23,Itinerario!T56," ")," ") | M56: =_xlfn.IFNA(IF(VLOOKUP($D56,Organización_Modular!$F$10:$G$195,2,FALSE)=M$23,Itinerario!W56," ")," ") | N56: =_xlfn.IFNA(IF(VLOOKUP($D56,Organización_Modular!$F$10:$G$195,2,FALSE)=N$23,Itinerario!T56," ")," ") | O56: =_xlfn.IFNA(IF(VLOOKUP($D56,Organización_Modular!$F$10:$G$195,2,FALSE)=O$23,Itinerario!W56," ")," ") | P56: =_xlfn.IFNA(IF(VLOOKUP($D56,Organización_Modular!$F$10:$G$195,2,FALSE)=P$23,Itinerario!T56," ")," ") | Q56: =_xlfn.IFNA(IF(VLOOKUP($D56,Organización_Modular!$F$10:$G$195,2,FALSE)=Q$23,Itinerario!W56," ")," ") | R56: =Organización_Modular!H42 -> 2 | S56: =Organización_Modular!I42 -> 2 | T56: =SUM(R56:S56) -> 4 | U56: =+R56*$S$19 -> 32 | V56: =+S56*$U$19 -> 64 | W56: =SUM(U56:V56) -> 96 | X56: =W56 -> 96
D57: =Organización_Modular!F43 -> Mantenimiento correctivo de Tecnologías de la Información | F57: =_xlfn.IFNA(IF(VLOOKUP($D57,Organización_Modular!$F$10:$G$195,2,FALSE)=F$23,Itinerario!T57," ")," ") | G57: =_xlfn.IFNA(IF(VLOOKUP($D57,Organización_Modular!$F$10:$G$195,2,FALSE)=G$23,Itinerario!W57," ")," ") | H57: =_xlfn.IFNA(IF(VLOOKUP($D57,Organización_Modular!$F$10:$G$195,2,FALSE)=H$23,Itinerario!T57," ")," ") -> 4 | I57: =_xlfn.IFNA(IF(VLOOKUP($D57,Organización_Modular!$F$10:$G$195,2,FALSE)=I$23,Itinerario!W57," ")," ") -> 96 | J57: =_xlfn.IFNA(IF(VLOOKUP($D57,Organización_Modular!$F$10:$G$195,2,FALSE)=J$23,Itinerario!T57," ")," ") | K57: =_xlfn.IFNA(IF(VLOOKUP($D57,Organización_Modular!$F$10:$G$195,2,FALSE)=K$23,Itinerario!W57," ")," ") | L57: =_xlfn.IFNA(IF(VLOOKUP($D57,Organización_Modular!$F$10:$G$195,2,FALSE)=L$23,Itinerario!T57," ")," ") | M57: =_xlfn.IFNA(IF(VLOOKUP($D57,Organización_Modular!$F$10:$G$195,2,FALSE)=M$23,Itinerario!W57," ")," ") | N57: =_xlfn.IFNA(IF(VLOOKUP($D57,Organización_Modular!$F$10:$G$195,2,FALSE)=N$23,Itinerario!T57," ")," ") | O57: =_xlfn.IFNA(IF(VLOOKUP($D57,Organización_Modular!$F$10:$G$195,2,FALSE)=O$23,Itinerario!W57," ")," ") | P57: =_xlfn.IFNA(IF(VLOOKUP($D57,Organización_Modular!$F$10:$G$195,2,FALSE)=P$23,Itinerario!T57," ")," ") | Q57: =_xlfn.IFNA(IF(VLOOKUP($D57,Organización_Modular!$F$10:$G$195,2,FALSE)=Q$23,Itinerario!W57," ")," ") | R57: =Organización_Modular!H43 -> 2 | S57: =Organización_Modular!I43 -> 2 | T57: =SUM(R57:S57) -> 4 | U57: =+R57*$S$19 -> 32 | V57: =+S57*$U$19 -> 64 | W57: =SUM(U57:V57) -> 96 | X57: =W57 -> 96
D58: =Organización_Modular!F44 -> Reporte de incidencia de Tecnología de la Información | F58: =_xlfn.IFNA(IF(VLOOKUP($D58,Organización_Modular!$F$10:$G$195,2,FALSE)=F$23,Itinerario!T58," ")," ") | G58: =_xlfn.IFNA(IF(VLOOKUP($D58,Organización_Modular!$F$10:$G$195,2,FALSE)=G$23,Itinerario!W58," ")," ") | H58: =_xlfn.IFNA(IF(VLOOKUP($D58,Organización_Modular!$F$10:$G$195,2,FALSE)=H$23,Itinerario!T58," ")," ") -> 2 | I58: =_xlfn.IFNA(IF(VLOOKUP($D58,Organización_Modular!$F$10:$G$195,2,FALSE)=I$23,Itinerario!W58," ")," ") -> 48 | J58: =_xlfn.IFNA(IF(VLOOKUP($D58,Organización_Modular!$F$10:$G$195,2,FALSE)=J$23,Itinerario!T58," ")," ") | K58: =_xlfn.IFNA(IF(VLOOKUP($D58,Organización_Modular!$F$10:$G$195,2,FALSE)=K$23,Itinerario!W58," ")," ") | L58: =_xlfn.IFNA(IF(VLOOKUP($D58,Organización_Modular!$F$10:$G$195,2,FALSE)=L$23,Itinerario!T58," ")," ") | M58: =_xlfn.IFNA(IF(VLOOKUP($D58,Organización_Modular!$F$10:$G$195,2,FALSE)=M$23,Itinerario!W58," ")," ") | N58: =_xlfn.IFNA(IF(VLOOKUP($D58,Organización_Modular!$F$10:$G$195,2,FALSE)=N$23,Itinerario!T58," ")," ") | O58: =_xlfn.IFNA(IF(VLOOKUP($D58,Organización_Modular!$F$10:$G$195,2,FALSE)=O$23,Itinerario!W58," ")," ") | P58: =_xlfn.IFNA(IF(VLOOKUP($D58,Organización_Modular!$F$10:$G$195,2,FALSE)=P$23,Itinerario!T58," ")," ") | Q58: =_xlfn.IFNA(IF(VLOOKUP($D58,Organización_Modular!$F$10:$G$195,2,FALSE)=Q$23,Itinerario!W58," ")," ") | R58: =Organización_Modular!H44 -> 1 | S58: =Organización_Modular!I44 -> 1 | T58: =SUM(R58:S58) -> 2 | U58: =+R58*$S$19 -> 16 | V58: =+S58*$U$19 -> 32 | W58: =SUM(U58:V58) -> 48 | X58: =W58 -> 48
D59: =Organización_Modular!F45 -> 0 | F59: =_xlfn.IFNA(IF(VLOOKUP($D59,Organización_Modular!$F$10:$G$195,2,FALSE)=F$23,Itinerario!T59," ")," ") | G59: =_xlfn.IFNA(IF(VLOOKUP($D59,Organización_Modular!$F$10:$G$195,2,FALSE)=G$23,Itinerario!W59," ")," ") | H59: =_xlfn.IFNA(IF(VLOOKUP($D59,Organización_Modular!$F$10:$G$195,2,FALSE)=H$23,Itinerario!T59," ")," ") | I59: =_xlfn.IFNA(IF(VLOOKUP($D59,Organización_Modular!$F$10:$G$195,2,FALSE)=I$23,Itinerario!W59," ")," ") | J59: =_xlfn.IFNA(IF(VLOOKUP($D59,Organización_Modular!$F$10:$G$195,2,FALSE)=J$23,Itinerario!T59," ")," ") | K59: =_xlfn.IFNA(IF(VLOOKUP($D59,Organización_Modular!$F$10:$G$195,2,FALSE)=K$23,Itinerario!W59," ")," ") | L59: =_xlfn.IFNA(IF(VLOOKUP($D59,Organización_Modular!$F$10:$G$195,2,FALSE)=L$23,Itinerario!T59," ")," ") | M59: =_xlfn.IFNA(IF(VLOOKUP($D59,Organización_Modular!$F$10:$G$195,2,FALSE)=M$23,Itinerario!W59," ")," ") | N59: =_xlfn.IFNA(IF(VLOOKUP($D59,Organización_Modular!$F$10:$G$195,2,FALSE)=N$23,Itinerario!T59," ")," ") | O59: =_xlfn.IFNA(IF(VLOOKUP($D59,Organización_Modular!$F$10:$G$195,2,FALSE)=O$23,Itinerario!W59," ")," ") | P59: =_xlfn.IFNA(IF(VLOOKUP($D59,Organización_Modular!$F$10:$G$195,2,FALSE)=P$23,Itinerario!T59," ")," ") | Q59: =_xlfn.IFNA(IF(VLOOKUP($D59,Organización_Modular!$F$10:$G$195,2,FALSE)=Q$23,Itinerario!W59," ")," ") | R59: =Organización_Modular!H45 -> 0 | S59: =Organización_Modular!I45 -> 0 | T59: =SUM(R59:S59) -> 0 | U59: =+R59*$S$19 -> 0 | V59: =+S59*$U$19 -> 0 | W59: =SUM(U59:V59) -> 0 | X59: =W59 -> 0
